type,category,tw_word,cn_word
同實異名,日常器用,刀具,刀具/刃具
同實異名,日常器用,大頭照,大頭照/標準照/標準像
同實異名,日常器用,子母畫面電視,雙畫面電視 
同實異名,日常器用,不沾鍋,不沾鍋/不粘鍋
同實異名,日常器用,不倒翁,不倒翁/扳不倒兒
同實異名,日常器用,公事包,公文包
同實異名,日常器用,分度規/分度器/半圓規/量角器,分度規/分度器/半圓規/量角器/半圓儀
同實異名,日常器用,分離式,分體式
同實異名,日常器用,手扶梯/電扶梯/自動扶梯/電動扶梯,手扶梯/電扶梯/自動扶梯/電動扶梯/滾梯/步行電梯
同實異名,日常器用,文件夾/檔案夾/資料夾,文件夾/檔案夾
同實異名,日常器用,日光燈/螢光燈,日光燈/熒光燈
同實異名,日常器用,日程表/行事曆,日程表
同實異名,日常器用,水銀燈,水銀燈/汞燈
同實異名,日常器用,去光水,洗甲水
同實異名,日常器用,打卡機/打卡鐘,打卡機 
同實異名,日常器用,瓦斯桶/瓦斯鋼瓶,煤氣罐/液化氣罐
同實異名,日常器用,冰箱/電冰箱,冰箱/電冰箱/雪櫃
同實異名,日常器用,安定器,鎮流器
同實異名,日常器用,行動電源,充電寶/隨身充/移動電源
同實異名,日常器用,免治馬桶,智能座便器
同實異名,日常器用,免洗杯,一次性杯子
同實異名,日常器用,吹風機,吹風機/電吹風/風筒
同實異名,日常器用,尿片/尿布,尿片/尿布/褯子
同實異名,日常器用,折疊桌,摺疊桌/折檯
同實異名,日常器用,延長線,排插/插排/線板/接線板
同實異名,日常器用,拖把,拖把/墩布
同實異名,日常器用,易開罐,易拉罐 
同實異名,日常器用,油壓剪,液壓剪
同實異名,日常器用,臥具/寢具,臥具/寢具/牀品
同實異名,日常器用,花園鞋/洞洞鞋/布希鞋,花園鞋/洞洞鞋
同實異名,日常器用,雨刷,雨刷/雨刮子/雨刮器
同實異名,日常器用,雨棚,雨棚/雨搭
同實異名,日常器用,雨靴,雨靴/水靴
同實異名,日常器用,保溫杯,保溫杯/保暖杯
同實異名,日常器用,保麗龍,保麗龍/泡沫塑料
同實異名,日常器用,削鉛筆機,削鉛筆機/卷筆刀/轉筆刀
同實異名,日常器用,屏幕/螢幕/螢光幕,屏幕 /熒屏 /視屏 /熒光屏
同實異名,日常器用,柔軟精,柔軟劑 /柔順劑 
同實異名,日常器用,洗面乳,洗面乳/洗面奶
同實異名,日常器用,相冊/相簿,相冊/相簿/影集
同實異名,日常器用,修正液/塗改液/立可白,修正液 /塗改液 
同實異名,日常器用,原子筆,圓珠筆
同實異名,日常器用,梳妝臺,梳妝檯/梳理臺
同實異名,日常器用,海碗/碗公,海碗
同實異名,日常器用,消音器,消音器/消聲器
同實異名,日常器用,紙尿褲,紙尿褲/尿不溼
同實異名,日常器用,起子/螺絲刀/螺絲起子,起子/螺絲刀/螺絲起子/改錐
同實異名,日常器用,迴紋針,回形針 /曲別針
同實異名,日常器用,酒測器,吹波機 /測酒器
同實異名,日常器用,乾燥花,乾花
同實異名,日常器用,啟動器/點燈器,啓動器/啓輝器
同實異名,日常器用,強化玻璃,鋼化玻璃
同實異名,日常器用,悠悠球/溜溜球,悠悠球
同實異名,日常器用,探海燈/探照燈,探海燈/探照燈/探射燈
同實異名,日常器用,接線/連接線,接線/連接線/連線
同實異名,日常器用,涼傘/陽傘,涼傘/陽傘/旱傘
同實異名,日常器用,被套,被套/被罩
同實異名,日常器用,晶片卡/智慧卡,智能卡/芯片卡 /集成電路卡
同實異名,日常器用,減震鞋/避震鞋,減震鞋 
同實異名,日常器用,無灰粉筆,無塵粉筆 
同實異名,日常器用,郵冊/郵集/集郵冊,郵冊/郵集/集郵冊/插冊
同實異名,日常器用,塑料/塑膠,塑料
同實異名,日常器用,塑膠袋,塑料袋 
同實異名,日常器用,感熱紙,熱敏紙
同實異名,日常器用,感應門/電子防盜門,防盜儀
同實異名,日常器用,暖氣機,暖風機 
同實異名,日常器用,滅火器/消火器,滅火器
同實異名,日常器用,節水墊片,節水環
同實異名,日常器用,銃子,銃子/衝子
同實異名,日常器用,電筒/手電筒,電筒/手電筒/手電/電棒兒
同實異名,日常器用,電磁感應燈,電磁感應燈/無極燈
同實異名,日常器用,電磁爐,電磁爐/電磁竈
同實異名,日常器用,電漿電視,等離子電視
同實異名,日常器用,電熱壺/電熱水壺/快煮壺,電熱壺/電熱水壺
同實異名,日常器用,電鍋,電飯鍋 /電飯煲 
同實異名,日常器用,電鬍刀/電動刮鬍刀,電鬍刀 /電動剃鬚刀
同實異名,日常器用,圖釘,圖釘/摁釘兒
同實異名,日常器用,監視器,監視器/電眼/電子眼
同實異名,日常器用,墨鏡/太陽眼鏡,墨鏡/太陽鏡 
同實異名,日常器用,慕丝/慕斯,慕絲/摩絲
同實異名,日常器用,數位相機/數位照相機,數字相機 /數碼相機/數碼照相機 
同實異名,日常器用,數位電視,數字電視 /數碼電視 
同實異名,日常器用,標示牌,標示牌/標牌
同實異名,日常器用,熨衣板/燙衣板/燙馬/熨馬,熨衣板/燙衣板
同實異名,日常器用,膠膜,塑封
同實異名,日常器用,衛生筷/免洗筷,衛生筷/一次性筷子
同實異名,日常器用,複印機/影印機,複印機
同實異名,日常器用,髮夾,髮夾/髮卡
同實異名,日常器用,橡皮/橡皮擦/擦子/擦布,橡皮/橡皮擦
同實異名,日常器用,橡皮圈/橡皮筋,橡皮圈/橡皮筋/皮筋/皮筋兒/猴筋兒/猴皮筋兒
同實異名,日常器用,壓力鍋/快鍋,壓力鍋 / 高壓鍋 
同實異名,日常器用,壓克力/亞克力,壓克力/有機玻璃
同實異名,日常器用,避難包/救難包,避難包/應急包
同實異名,日常器用,黏扣帶/魔鬼沾/魔鬼粘/魔鬼氈,黏扣帶/魔鬼沾/魔鬼粘/魔鬼氈/魔術貼
同實異名,日常器用,雙槽洗衣機,雙缸洗衣機/雙桶洗衣機
同實異名,日常器用,類比電視,模擬電視 
同實異名,日常器用,爐條/爐橋,爐條
同實異名,日常器用,護貝,過塑/塑封
同實異名,日常器用,魔術方塊,魔方
同實異名,日常器用,顯像管/映像管,顯像管
同名異實,日常器用,安心卡,安心卡
同名異實,日常器用,延長線,延長線
同名異實,日常器用,電子眼,電子眼
同名異實,日常器用,影集,影集
臺灣特有,日常器用,大碗公,
臺灣特有,日常器用,大聲公,
臺灣特有,日常器用,免治,
臺灣特有,日常器用,版模,
臺灣特有,日常器用,童玩,
臺灣特有,日常器用,零組件,
臺灣特有,日常器用,電碗,
臺灣特有,日常器用,霹靂包,
大陸特有,日常器用,,一頭兒沉
大陸特有,日常器用,,一米線
大陸特有,日常器用,,一體式
大陸特有,日常器用,,一鍵式
大陸特有,日常器用,,馬桶包
大陸特有,日常器用,,不乾膠
大陸特有,日常器用,,牙具
大陸特有,日常器用,,風擋
大陸特有,日常器用,,電珠
大陸特有,日常器用,,白色垃圾
大陸特有,日常器用,,交電
大陸特有,日常器用,,尖劈
大陸特有,日常器用,,米尺
大陸特有,日常器用,,米袋子
大陸特有,日常器用,,老虎竈
大陸特有,日常器用,,冷櫃
大陸特有,日常器用,,聽子
大陸特有,日常器用,,沐浴機
大陸特有,日常器用,,乳狀液/乳濁液
大陸特有,日常器用,,單放機
大陸特有,日常器用,,坤包
大陸特有,日常器用,,坤錶
大陸特有,日常器用,,泡子
大陸特有,日常器用,,芭蕾燈
大陸特有,日常器用,,表筆
大陸特有,日常器用,,雨披
大陸特有,日常器用,,畫鏡線/掛鏡線
大陸特有,日常器用,,櫃機
大陸特有,日常器用,,潔具
大陸特有,日常器用,,鋼包
大陸特有,日常器用,,鋼種/鋼精
大陸特有,日常器用,,展櫥
大陸特有,日常器用,,浴液
大陸特有,日常器用,,粉連紙
大陸特有,日常器用,,起牆
大陸特有,日常器用,,彩卷
大陸特有,日常器用,,彩管
大陸特有,日常器用,,移動電視
大陸特有,日常器用,,麻經/麻經兒
大陸特有,日常器用,,藥械
大陸特有,日常器用,,黑超
大陸特有,日常器用,,塑料磁/塑膠磁
大陸特有,日常器用,,滾屏
大陸特有,日常器用,,蜂窩煤
大陸特有,日常器用,,爐盤/燃氣竈
大陸特有,日常器用,,燃具
大陸特有,日常器用,,蹲坑
大陸特有,日常器用,,組燈
大陸特有,日常器用,,繃簧
大陸特有,日常器用,,腦包
大陸特有,日常器用,,電腦枕/計算機枕
大陸特有,日常器用,,軟椅
大陸特有,日常器用,,軟裝/軟裝修
大陸特有,日常器用,,手撕袋/連卷袋/點斷袋/撕拉袋
大陸特有,日常器用,,閃粉
大陸特有,日常器用,,餄餎牀子
大陸特有,日常器用,,線手套
大陸特有,日常器用,,日雜
大陸特有,日常器用,,鋼口
大陸特有,日常器用,,零部件
同實異名,小吃＆點心,口香糖,口香糖/口膠/香口膠
同實異名,小吃＆點心,牛奶糖,牛奶糖/奶糖
同實異名,小吃＆點心,奶酪/芝士/乳酪/起士/起司,奶酪/芝士/乳酪/起士/起司/吉士
同實異名,小吃＆點心,米香/米香餅,米香/米香餅/米通
同實異名,小吃＆點心,豆花/豆腐腦,豆花/豆腐腦/豆腐花
同實異名,小吃＆點心,貝果,貝果/百吉餅
同實異名,小吃＆點心,梳打餅/蘇打餅/蘇打餅乾,梳打餅/蘇打餅/蘇打餅乾/克力架
同實異名,小吃＆點心,茶葉蛋,茶葉蛋/茶雞蛋
同實異名,小吃＆點心,零食/零嘴/零嘴兒,零食/零嘴/零嘴兒/零吃
同實異名,小吃＆點心,慕絲/慕斯,慕絲/摩絲
同實異名,小吃＆點心,優格,酸奶酪
同實異名,小吃＆點心,優酪乳,優酪乳/酸奶/酸牛奶/酸凝酪
同實異名,小吃＆點心,薯片/洋芋片,薯片 /土豆片
同實異名,小吃＆點心,鬆餅,鬆餅/窩夫/華夫餅/格子餅/壓花蛋餅
同實異名,小吃＆點心,冰品,冰品/冷食
同實異名,小吃＆點心,冰淇淋,冰淇淋/冰激凌
臺灣特有,小吃＆點心,黑輪,
臺灣特有,小吃＆點心,霜淇淋,
大陸特有,小吃＆點心,,曲奇
大陸特有,小吃＆點心,,麻團
大陸特有,小吃＆點心,,糖食
大陸特有,小吃＆點心,,餎餷
同實異名,佐料,人造奶油,人造奶油/珠酯/人造黃油
同實異名,佐料,低鈉鹽,低鈉鹽/代用鹽
同實異名,佐料,沙拉油,色拉油 
同實異名,佐料,咖哩,咖喱
同實異名,佐料,雞粉/雞精粉,雞粉/雞精粉/雞精
臺灣特有,佐料,太白粉,
大陸特有,佐料,,水生粉/水澱粉
大陸特有,佐料,,生粉
大陸特有,佐料,,糖稀
大陸特有,佐料,,輔料
同實異名,食材,土雞蛋,土雞蛋/笨雞蛋
同實異名,食材,五花肉/三層肉,五花肉
同實異名,食材,可可,可可/蔻蔻
同實異名,食材,甘薯/白薯/地瓜/紅薯/番薯/蕃薯,甘薯/白薯/地瓜/紅薯/番薯/蕃薯/紅苕
同實異名,食材,甘藍/甘藍菜/包心菜/捲心菜/洋白菜/結球甘藍/高麗菜,甘藍/甘藍菜/包心菜/捲心菜/洋白菜 /結球甘藍/圓白菜/蓮花白
同實異名,食材,米粉,米粉/米麪
同實異名,食材,肉禽,肉禽/菜禽
同實異名,食材,冷凍蔬菜,冷凍蔬菜/速凍蔬菜
同實異名,食材,芒果/檬果,芒果/檬果/杧果
同實異名,食材,花生/落花生/長生果/土豆,花生/落花生/長生果
同實異名,食材,花豆/大紅豆,花豆/紅腰豆
同實異名,食材,虱目魚/麻虱目,蝨目魚/遮目魚/白鱗鯔
同實異名,食材,青花菜/綠菜花/綠花菜/綠花椰菜,青花菜 /綠菜花 /西蘭花 
同實異名,食材,非鯽/非洲鯽魚/吳郭魚,非鯽/非洲鯽魚/羅非魚
同實異名,食材,洋芋/山藥蛋/馬鈴薯,洋芋/山藥蛋/馬鈴薯/土豆
同實異名,食材,苡仁/薏仁/薏米/薏仁米/薏苡仁,苡仁/薏仁/薏米/薏仁米/薏苡仁/藥玉米
同實異名,食材,虹鱒/虹鱒魚/麥奇鉤吻鱒,虹鱒/虹鱒魚/麥奇大麻哈魚
同實異名,食材,馬駮/馬鮫魚/土托魚/土魠魚/塗托魚,馬鮫/馬鮫魚 
同實異名,食材,甜橙,甜橙/廣柑
同實異名,食材,魚翅,魚翅/翅子
同實異名,食材,番石榴/芭樂,番石榴/雞矢果
同實異名,食材,番茄/蕃茄,番茄/蕃茄/西紅柿
同實異名,食材,童子雞,童子雞/筍雞
同實異名,食材,菜豆/四季豆,菜豆/四季豆/芸豆
同實異名,食材,聖女番茄,聖女果 
同實異名,食材,葡萄柚,葡萄柚/西柚
同實異名,食材,裡脊/裡脊肉/里肌/里肌肉,裏脊/裏脊肉 
同實異名,食材,酪梨,鱷梨 
同實異名,食材,蒟蒻,蒟蒻/魔芋
同實異名,食材,蓮霧,蓮霧/洋蒲桃
同實異名,食材,醃肉/鹹肉,醃肉/鹹肉/鹽肉/漬肉
同實異名,食材,鮪魚/金槍魚,鮪魚/金槍魚/吞拿魚
同實異名,食材,鮭魚,鮭魚/三文魚/大馬哈魚/大麻哈魚
同實異名,食材,雞子/雞蛋/雞卵,雞子/雞蛋/雞卵/雞子兒/白果兒
同實異名,食材,鯧/鯧魚,鯧/鯧魚/平魚
同實異名,食材,鯷/苦蚵仔,鯷/日本鯷
同實異名,食材,蘿蔔/萊菔/蘆菔/菜頭,蘿蔔 /萊菔/蘆菔 
同名異實,食材,土豆,土豆
臺灣特有,食材,大陸妹,
臺灣特有,食材,放山雞,
臺灣特有,食材,棒棒腿,
大陸特有,食材,,粗菜/大路菜
大陸特有,食材,,無公害蔬菜
大陸特有,食材,,老玉米
大陸特有,食材,,豆麪
大陸特有,食材,,返銷糧
大陸特有,食材,,青紅絲
大陸特有,食材,,俏頭
大陸特有,食材,,原糧
大陸特有,食材,,特菜
大陸特有,食材,,商品糧
大陸特有,食材,,排酸肉/冷卻排酸肉
大陸特有,食材,,棒渣/棒渣子
大陸特有,食材,,淨菜/新鮮消毒蔬菜
大陸特有,食材,,囊膪/囊揣
大陸特有,食材,,紅果
大陸特有,食材,,細菜
大陸特有,食材,,放心肉
同實異名,飲料,三合一咖啡,一加二咖啡
同實異名,飲料,奶精,奶精/咖啡伴侶
同實異名,飲料,生啤/鮮啤/生啤酒/鮮啤酒,生啤/鮮啤/生啤酒/鮮啤酒/扎啤
同實異名,飲料,利樂包/鋁箔包,利樂包 /軟包裝 
同實異名,飲料,汽泡酒,汽酒
同實異名,飲料,烏龍茶,烏龍茶/青茶
同實異名,飲料,純水,純淨水
同實異名,飲料,茶包/袋茶,茶包/袋泡茶
同實異名,飲料,涼開水,涼開水/涼白開
同實異名,飲料,橙汁/柳橙汁,橙汁/柳橙汁/橙子汁
同實異名,飲料,還原乳,還原乳/還原奶/復原乳
同實異名,飲料,罐裝啤酒,罐裝啤酒/聽啤/聽裝啤酒
臺灣特有,飲料,奶球/奶油球,
臺灣特有,飲料,米酒頭,
臺灣特有,飲料,柳丁汁,
臺灣特有,飲料,隨身包,
大陸特有,飲料,,乾白
大陸特有,飲料,,乾啤
大陸特有,飲料,,達標水
大陸特有,飲料,,麥乳精
大陸特有,飲料,,固體飲料
大陸特有,飲料,,果茶
大陸特有,飲料,,直飲水
大陸特有,飲料,,補液
大陸特有,飲料,,液態奶
大陸特有,飲料,,袋裝水
同實異名,餐飲店,速食店,快餐店
同實異名,餐飲店,燒烤店,燒烤店/串吧/燒烤吧
臺灣特有,餐飲店,冰店,
臺灣特有,餐飲店,居酒屋,
大陸特有,餐飲店,,茶吧
大陸特有,餐飲店,,飯莊
同實異名,餐點＆菜餚,比薩/披薩,比薩 /比薩餅 
同實異名,餐點＆菜餚,沙拉,沙拉/色拉/沙律
同實異名,餐點＆菜餚,法國麵包/法式長棍麵包,法國麪包/法式長棍麪包/長法棍
同實異名,餐點＆菜餚,泡麵/速食麵,泡麪 /方便麪 /即食麪/快速麪/快熟面/快餐面
同實異名,餐點＆菜餚,料理包/調理包/食物調理包,料理包/調理包
同實異名,餐點＆菜餚,盒飯/便當/飯盒,盒飯 
同實異名,餐點＆菜餚,速食,快餐
同實異名,餐點＆菜餚,漢堡,漢堡/漢堡包
同實異名,餐點＆菜餚,蓋飯,蓋飯/蓋澆飯
同實異名,餐點＆菜餚,德國豬腳,德國豬腳/德國鹹豬手
同名異實,餐點＆菜餚,燴飯,燴飯
臺灣特有,餐點＆菜餚,大麥克,
臺灣特有,餐點＆菜餚,合菜,
臺灣特有,餐點＆菜餚,肉燥,
臺灣特有,餐點＆菜餚,商業午餐,
臺灣特有,餐點＆菜餚,鹹蛋苦瓜,
大陸特有,餐點＆菜餚,,工作餐
大陸特有,餐點＆菜餚,,全家福
大陸特有,餐點＆菜餚,,特菜
大陸特有,餐點＆菜餚,,蛋羹/雞蛋羹
大陸特有,餐點＆菜餚,,菜點
大陸特有,餐點＆菜餚,,菜碼/面碼
大陸特有,餐點＆菜餚,,餄餎
大陸特有,餐點＆菜餚,,冷盆
大陸特有,餐點＆菜餚,,麻豆
同實異名,其他,冷凍食品,冷凍食品/速凍食品
同實異名,其他,食品添加物,食品添加劑
同實異名,其他,食譜,食譜/菜譜
同實異名,其他,酒會,酒會/冷餐會
同實異名,其他,基因改造食品,基因改造食品/轉基因食品
同實異名,其他,菜單,菜單/菜譜
同實異名,其他,糯米紙,糯米紙/江米紙
同實異名,其他,罐裝,罐裝/聽裝
同名異實,其他,西餐秀,西餐秀
同名異實,其他,雙拼,雙拼
同名異實,其他,雞精,雞精
臺灣特有,其他,內用,
臺灣特有,其他,好料,
臺灣特有,其他,副食品,
臺灣特有,其他,梅花餐,
臺灣特有,其他,黑白切,
臺灣特有,其他,彈牙,
大陸特有,其他,,包席/包桌
大陸特有,其他,,有機食品
大陸特有,其他,,入夥
大陸特有,其他,,三綠工程
大陸特有,其他,,大油
大陸特有,其他,,小飯桌
大陸特有,其他,,開小竈
大陸特有,其他,,無公害食品
大陸特有,其他,,欠火
大陸特有,其他,,代宰制
大陸特有,其他,,佈菜
大陸特有,其他,,生物食品
大陸特有,其他,,白案/面案
大陸特有,其他,,吃大竈
大陸特有,其他,,吃小竈/吃偏飯
大陸特有,其他,,吃派飯
大陸特有,其他,,糰粉
大陸特有,其他,,串味/串味兒
大陸特有,其他,,派飯
大陸特有,其他,,就餐
大陸特有,其他,,菜金
大陸特有,其他,,菜窖
大陸特有,其他,,酵子
大陸特有,其他,,餐位
大陸特有,其他,,劑子
大陸特有,其他,,紅案/菜案
大陸特有,其他,,強化食品/營養強化食品
大陸特有,其他,,綠色食品
大陸特有,其他,,生態食品
大陸特有,其他,,起夥
同實異名,服飾,工作服,工作服/職業裝
同實異名,服飾,不織布,不織布/無紡織布/非織造布
同實異名,服飾,內搭褲,打底褲
同實異名,服飾,太空衣/太空服,太空衣/太空服/宇宙服 /宇航服 /航天服 
同實異名,服飾,卡其/卡其布,卡其/卡其布/咔嘰
同實異名,服飾,奶罩/乳罩/胸罩,奶罩/乳罩/胸罩/文胸
同實異名,服飾,成衣,成衣/成服
同實異名,服飾,羽絨衣/羽絨服/羽毛衣,羽絨衣 /羽絨服 
同實異名,服飾,亞克力纖維/壓克力纖維,亞克力纖維/腈綸 
同實異名,服飾,拉拉隊服/啦啦隊服/加油服,拉拉隊服/啦啦隊服/助威服
同實異名,服飾,風衣,風衣/風雨衣
同實異名,服飾,套裝,套裝/套服
同實異名,服飾,套褲,套褲/襪褲
同實異名,服飾,迷你裙,迷你裙/超短裙
同實異名,服飾,馬海/馬海毛/毛海,馬海/馬海毛
同實異名,服飾,袖章/臂章,袖章/臂章/袖標
同實異名,服飾,連衣裙/連身裙,連衣裙 
同實異名,服飾,帽徽,帽徽/帽花
同實異名,服飾,衛生衣,衛生衣/棉毛衫
同實異名,服飾,衛生褲,衛生褲/秋褲/棉毛褲
同實異名,服飾,褲襪,褲襪/襪褲/連褲襪
同實異名,服飾,縮水,縮水/抽水
同實異名,服飾,鯊魚衣/鯊魚服,鯊魚衣/鯊魚服/快皮
同實異名,服飾,露臍裝,露臍裝/臍裝
同實異名,服飾,襯衫,襯衫/襯衣
臺灣特有,服飾,內在美,
臺灣特有,服飾,內裡,
臺灣特有,服飾,西裝裙,
大陸特有,服飾,,下裝
大陸特有,服飾,,凡爾丁
大陸特有,服飾,,文化衫
大陸特有,服飾,,毛活
大陸特有,服飾,,毛滌/滌毛
大陸特有,服飾,,正裝
大陸特有,服飾,,皮猴兒
大陸特有,服飾,,皮筒子
大陸特有,服飾,,華達呢
大陸特有,服飾,,汗背心
大陸特有,服飾,,勞動布
大陸特有,服飾,,的確良/的確涼
大陸特有,服飾,,恤衫
大陸特有,服飾,,派力司
大陸特有,服飾,,海魂衫
大陸特有,服飾,,高腰/高靿
大陸特有,服飾,,袖箍
大陸特有,服飾,,滌棉/棉滌/棉的確良/棉的確涼
大陸特有,服飾,,街坊裝
大陸特有,服飾,,滑雪衫
大陸特有,服飾,,路服
大陸特有,服飾,,聰明布
大陸特有,服飾,,翻行頭
大陸特有,服飾,,圍嘴兒
大陸特有,服飾,,絨衣
大陸特有,服飾,,褲兜
大陸特有,服飾,,鎦子
大陸特有,服飾,,閃電裝
大陸特有,服飾,,外貿服裝
大陸特有,服飾,,一步裙
同實異名,居住＆建築,二手房/二手屋/中古屋,二手房/二手樓
同實異名,居住＆建築,三合板/三夾板,三合板
同實異名,居住＆建築,土地所有權狀,土地所有權證 
同實異名,居住＆建築,戶口名簿,戶口本 /戶口簿/戶口本兒 
同實異名,居住＆建築,地下室,地下室/地庫
同實異名,居住＆建築,地磚,地磚/地板磚
同實異名,居住＆建築,成屋,現房 
同實異名,居住＆建築,池堂/池湯/浴池,池堂/池湯/浴池/池塘
同實異名,居住＆建築,住家,住家/住家兒
同實異名,居住＆建築,夾層屋,夾層屋/複式樓/複式住宅
同實異名,居住＆建築,汽車旅館/摩鐵,汽車旅館
同實異名,居住＆建築,身分證/國民身分證,身份證 
同實異名,居住＆建築,房屋所有權狀,房本/房產證
同實異名,居住＆建築,炒房,炒房/炒樓
同實異名,居住＆建築,便所/廁所/洗手間,便所/廁所/洗手間/衛生間
同實異名,居住＆建築,城市化程度/都市化程度,城市化程度/都市化程度/城市化率/城市化水平
同實異名,居住＆建築,城市更新/都市更新/都更,城市更新/都市更新/舊城改造
同實異名,居住＆建築,建築物/建物,建築物
同實異名,居住＆建築,建築執照/建照,建築執照
同實異名,居住＆建築,洞房/新房,洞房/新房/婚房
同實異名,居住＆建築,國宅/國民住宅,經適房 /經濟適用房 
同實異名,居住＆建築,掩埋場,填埋場/堆填場/填埋區
同實異名,居住＆建築,組合屋,活動板房
同實異名,居住＆建築,設籍,落戶 
同實異名,居住＆建築,跨度/跨距,跨度/跨徑 
同實異名,居住＆建築,違建/違章建築,違建/違章建築/違規建築
同實異名,居住＆建築,預售屋,期房 
同實異名,居住＆建築,樣品屋,樣板間/樣板房
同實異名,居住＆建築,壁紙,壁紙/牆紙
同實異名,居住＆建築,壁櫥,壁櫥/壁櫃
同實異名,居住＆建築,辦公大樓,寫字樓 
同實異名,居住＆建築,環境品質,環境品質/環境質量
同實異名,居住＆建築,雙人房,雙人房/標間/雙人間/標準間
同實異名,居住＆建築,鷹架,腳手架
同名異實,居住＆建築,違規房,違規房
臺灣特有,居住＆建築,十二項建設,
臺灣特有,居住＆建築,十大建設/十項建設,
臺灣特有,居住＆建築,戶籍謄本,
臺灣特有,居住＆建築,永續城市,
臺灣特有,居住＆建築,地目,
臺灣特有,居住＆建築,成屋市場,
臺灣特有,居住＆建築,老人公寓,
臺灣特有,居住＆建築,自走屋,
臺灣特有,居住＆建築,房仲業,
臺灣特有,居住＆建築,幽靈人口,
臺灣特有,居住＆建築,建地,
臺灣特有,居住＆建築,建坪,
臺灣特有,居住＆建築,建案,
臺灣特有,居住＆建築,建商,
臺灣特有,居住＆建築,建蔽率,
臺灣特有,居住＆建築,原鄉,
臺灣特有,居住＆建築,蚊子館,
臺灣特有,居住＆建築,國定古蹟,
臺灣特有,居住＆建築,眷村,
臺灣特有,居住＆建築,透天厝,
臺灣特有,居住＆建築,番界,
臺灣特有,居住＆建築,雅房,
臺灣特有,居住＆建築,督工,
臺灣特有,居住＆建築,境界線,
臺灣特有,居住＆建築,衛生下水道,
臺灣特有,居住＆建築,養生村,
臺灣特有,居住＆建築,環境力,
臺灣特有,居住＆建築,廳舍,
大陸特有,居住＆建築,,一戶一驗/一房一驗/分戶驗收
大陸特有,居住＆建築,,一軸四館
大陸特有,居住＆建築,,三包
大陸特有,居住＆建築,,上馬
大陸特有,居住＆建築,,上料架
大陸特有,居住＆建築,,小產權房
大陸特有,居住＆建築,,乾打壘
大陸特有,居住＆建築,,公房
大陸特有,居住＆建築,,勾地
大陸特有,居住＆建築,,雙限雙競
大陸特有,居住＆建築,,毛坯房
大陸特有,居住＆建築,,水房
大陸特有,居住＆建築,,寫字間
大陸特有,居住＆建築,,北漂
大陸特有,居住＆建築,,半拉子工程
大陸特有,居住＆建築,,生活垃圾
大陸特有,居住＆建築,,動遷
大陸特有,居住＆建築,,動窩
大陸特有,居住＆建築,,危改區
大陸特有,居住＆建築,,吊頂
大陸特有,居住＆建築,,回遷戶
大陸特有,居住＆建築,,地板革
大陸特有,居住＆建築,,地暖/地板輻射採暖
大陸特有,居住＆建築,,地漏
大陸特有,居住＆建築,,地標建築
大陸特有,居住＆建築,,宅基地
大陸特有,居住＆建築,,安居工程
大陸特有,居住＆建築,,安置房
大陸特有,居住＆建築,,莊稼院
大陸特有,居住＆建築,,託管庫
大陸特有,居住＆建築,,兩限房
大陸特有,居住＆建築,,低層住宅
大陸特有,居住＆建築,,小區/住宅小區
大陸特有,居住＆建築,,尾巴工程
大陸特有,居住＆建築,,沉井
大陸特有,居住＆建築,,供暖
大陸特有,居住＆建築,,單元房
大陸特有,居住＆建築,,單元樓
大陸特有,居住＆建築,,週轉房
大陸特有,居住＆建築,,居委會/居民委員會
大陸特有,居住＆建築,,居民點
大陸特有,居住＆建築,,居改非
大陸特有,居住＆建築,,房改
大陸特有,居住＆建築,,房改房
大陸特有,居住＆建築,,房基
大陸特有,居住＆建築,,披綠裝
大陸特有,居住＆建築,,花池子
大陸特有,居住＆建築,,採暖
大陸特有,居住＆建築,,保潔
大陸特有,居住＆建築,,保障房
大陸特有,居住＆建築,,城中村
大陸特有,居住＆建築,,城市圈
大陸特有,居住＆建築,,城建
大陸特有,居住＆建築,,城鎮化
大陸特有,居住＆建築,,封頂
大陸特有,居住＆建築,,穿靴戴帽
大陸特有,居住＆建築,,統規統建
大陸特有,居住＆建築,,鬍子工程
大陸特有,居住＆建築,,限價房
大陸特有,居住＆建築,,形象工程/面子工程
大陸特有,居住＆建築,,套均
大陸特有,居住＆建築,,家裝
大陸特有,居住＆建築,,家裝污染
大陸特有,居住＆建築,,捂盤惜售
大陸特有,居住＆建築,,起牆
大陸特有,居住＆建築,,高檔房
大陸特有,居住＆建築,,商務樓
大陸特有,居住＆建築,,商住樓
大陸特有,居住＆建築,,商品房
大陸特有,居住＆建築,,宿辦樓
大陸特有,居住＆建築,,盤炕
大陸特有,居住＆建築,,移動屋
大陸特有,居住＆建築,,躍層
大陸特有,居住＆建築,,城市帶/城市圈/都市圈
大陸特有,居住＆建築,,掌子/掌子面
大陸特有,居住＆建築,,散水
大陸特有,居住＆建築,,散水坡
大陸特有,居住＆建築,,硬環境
大陸特有,居住＆建築,,筒子樓
大陸特有,居住＆建築,,集體戶
大陸特有,居住＆建築,,集體戶口
大陸特有,居住＆建築,,黑地
大陸特有,居住＆建築,,廉租房
大陸特有,居住＆建築,,新盤
大陸特有,居住＆建築,,樓花
大陸特有,居住＆建築,,樓盤
大陸特有,居住＆建築,,樓道
大陸特有,居住＆建築,,羣租
大陸特有,居住＆建築,,護壁/牆裙
大陸特有,居住＆建築,,牆圍
大陸特有,居住＆建築,,腐敗房
大陸特有,居住＆建築,,警營
大陸特有,居住＆建築,,創衛
大陸特有,居住＆建築,,暫住證
大陸特有,居住＆建築,,標誌性建築
大陸特有,居住＆建築,,熱土
大陸特有,居住＆建築,,軟環境
大陸特有,居住＆建築,,錯層/錯層式住宅
大陸特有,居住＆建築,,飄窗
大陸特有,居住＆建築,,低飄窗
大陸特有,居住＆建築,,鴛鴦房
大陸特有,居住＆建築,,鴛鴦樓
大陸特有,居住＆建築,,地庫
大陸特有,居住＆建築,,危改
大陸特有,居住＆建築,,危改區
大陸特有,居住＆建築,,尾工
大陸特有,居住＆建築,,應急建築
大陸特有,居住＆建築,,房託
大陸特有,居住＆建築,,房展
大陸特有,居住＆建築,,房補/房貼
大陸特有,居住＆建築,,模紋花壇/鑲嵌花壇
大陸特有,居住＆建築,,還遷
大陸特有,居住＆建築,,釣魚工程
大陸特有,居住＆建築,,門前三包
大陸特有,居住＆建築,,開荒保潔/裝修後保潔
大陸特有,居住＆建築,,拱北
大陸特有,居住＆建築,,統建
大陸特有,居住＆建築,,晾臺
大陸特有,居住＆建築,,搞衛生
大陸特有,居住＆建築,,鎮子
同實異名,水運,氣墊船,氣墊船/騰空船
大陸特有,水運,,公路港
大陸特有,水運,,客滾船
大陸特有,水運,,斷航期
大陸特有,水運,,舾裝
同實異名,空運,空巴/空中巴士,空巴/空中巴士/空客/空中客車
同實異名,空運,空橋/登機橋,空橋/登機橋/廊橋/登機廊橋
同實異名,空運,候機室/登機室,候機室 
同實異名,空運,航廈/ ,航站樓/候機樓
同實異名,空運,報到櫃檯,值機島
同實異名,空運,登機門,登機口
同實異名,空運,登機證,登機證/登機牌/登機卡
同實異名,空運,黑盒子,黑匣子
同實異名,空運,儀降,盲降
同實異名,空運,噴射機,噴氣式飛機 
大陸特有,空運,,對空臺
大陸特有,空運,,空乘
大陸特有,空運,,商飛
大陸特有,空運,,銀燕
同實異名,陸運,油電車/油電混合車,油電車/油電混合動力車
同實異名,陸運,入檔/打檔,掛擋
同實異名,陸運,小貨車,小貨車/微型車
同實異名,陸運,小綿羊/輕型機車,輕便摩托車
同實異名,陸運,小轎車,小轎車/小臥車
同實異名,陸運,內胎,內胎/內帶/裏帶
同實異名,陸運,公共交通/大眾運輸,公共交通/公交 
同實異名,陸運,公共汽車/公車,公共汽車/公交/公汽/公交車
同實異名,陸運,公車站,公交站
同實異名,陸運,公車站牌,公交車站牌
同實異名,陸運,公車專用道,公交車道/公交車專用道
同實異名,陸運,升擋/升檔,升擋
同實異名,陸運,手排/手排擋/手排檔,手排/手排擋/手動擋
同實異名,陸運,月臺門,屏蔽門
同實異名,陸運,加班車,加班車/加車
同實異名,陸運,外胎,外胎/外帶
同實異名,陸運,打空檔,掛空擋
同實異名,陸運,末班車,末班車/末車
同實異名,陸運,瓦斯車,天然氣汽車
同實異名,陸運,交流道,匝道
同實異名,陸運,交通車,交通車/班車
同實異名,陸運,共乘,拼車
同實異名,陸運,自排/自動擋/自動檔,自排/自動擋
同實異名,陸運,助力車,助力車/電動車
同實異名,陸運,快速道/快速道路,快速路
同實異名,陸運,車斗,車斗/跨鬥
同實異名,陸運,車胎/輪胎,車胎/輪胎/車帶/輪帶
同實異名,陸運,拖斗,拖斗/掛斗
同實異名,陸運,拖車,拖車/掛車
同實異名,陸運,朋馳/賓士,大奔 /奔馳
同實異名,陸運,空擋/空檔,空擋
同實異名,陸運,便道,便道/輔道
同實異名,陸運,後車廂,後車廂/後備廂
同實異名,陸運,後視鏡/後照鏡,後視鏡
同實異名,陸運,砂石車,砂石車/泥頭車/渣土車
同實異名,陸運,計程車/出租車/出租汽車/小黃,計程車/出租車/出租汽車 /的士
同實異名,陸運,計費表,計價器
同實異名,陸運,起點站,始發站
同實異名,陸運,追撞,追尾 
同實異名,陸運,排擋/排檔,排擋
同實異名,陸運,速可達/速克達,速可達/速克達/踏板摩托車
同實異名,陸運,博愛座,老弱病殘孕專座
同實異名,陸運,單車/自行車/腳踏車/鐵馬,單車/自行車/腳踏車
同實異名,陸運,換擋/換檔,換擋
同實異名,陸運,登山車,登山車/山地車
同實異名,陸運,搭計程車,搭計程車/搭出租車/打車/打的
同實異名,陸運,路肩,路肩/應急車道
同實異名,陸運,磁浮列車,磁浮列車/磁懸浮列車
同實異名,陸運,輕軌/輕軌鐵路,輕軌/輕軌鐵路/城鐵/城市鐵路
同實異名,陸運,摩托車/機車,摩托車/摩托
同實異名,陸運,調撥車道,可變車道/潮汐車道 
同實異名,陸運,髮夾彎,髮夾彎/髮卡彎/掉頭彎
同實異名,陸運,環道,環路
同實異名,陸運,聯結車,拖掛車
同實異名,陸運,轉運站,轉運站/換乘站
同實異名,陸運,雙層公車,雙層公交車 
同實異名,陸運,獸力車,獸力車/畜力車
同實異名,陸運,轎車/房車,轎車
同實異名,陸運,避車道/避車彎,避車道
同名異實,陸運,上行,上行
同名異實,陸運,下行,下行
同名異實,陸運,公車,公車
同名異實,陸運,自駕車,自駕車
同名異實,陸運,房車,房車
同名異實,陸運,重車,重車
同名異實,陸運,普快車,普快車
同名異實,陸運,黑頭車,黑頭車
同名異實,陸運,壓車,壓車
同名異實,陸運,座車,座車
臺灣特有,陸運,尬車,
臺灣特有,陸運,軋車,
臺灣特有,陸運,重車/重機,
臺灣特有,陸運,三貼,
臺灣特有,陸運,三鐵共構,
臺灣特有,陸運,小發財/發財車,
臺灣特有,陸運,中古車,
臺灣特有,陸運,平快車,
臺灣特有,陸運,白牌車,
臺灣特有,陸運,休息站,
臺灣特有,陸運,托拉庫/拖拉庫,
臺灣特有,陸運,自小客車,
臺灣特有,陸運,自用車,
臺灣特有,陸運,泡水車,
臺灣特有,陸運,胖卡,
臺灣特有,陸運,重機車,
臺灣特有,陸運,捷運/大眾捷運系統,
臺灣特有,陸運,捷運工程,
臺灣特有,陸運,貨卡,
臺灣特有,陸運,電聯車,
臺灣特有,陸運,鐵牛車,
大陸特有,陸運,,七人車
大陸特有,陸運,,大篷車
大陸特有,陸運,,公交卡/公交一卡通
大陸特有,陸運,,氣車
大陸特有,陸運,,車皮/火車皮
大陸特有,陸運,,車幫
大陸特有,陸運,,加快
大陸特有,陸運,,包乘制
大陸特有,陸運,,半掛車
大陸特有,陸運,,平板車/平板三輪車
大陸特有,陸運,,打表
大陸特有,陸運,,甩站
大陸特有,陸運,,立交橋
大陸特有,陸運,,車份兒/份兒錢
大陸特有,陸運,,動車
大陸特有,陸運,,動車組
大陸特有,陸運,,低擋
大陸特有,陸運,,快客
大陸特有,陸運,,汽配
大陸特有,陸運,,汽摩
大陸特有,陸運,,和諧號
大陸特有,陸運,,油路
大陸特有,陸運,,直流車
大陸特有,陸運,,城市軌道交通
大陸特有,陸運,,城際鐵路
大陸特有,陸運,,重型汽車
大陸特有,陸運,,面的
大陸特有,陸運,,家庭車
大陸特有,陸運,,特快/特別快車
大陸特有,陸運,,高擋
大陸特有,陸運,,停車區
大陸特有,陸運,,通聯卡
大陸特有,陸運,,硬臥
大陸特有,陸運,,硬席
大陸特有,陸運,,硬座
大陸特有,陸運,,黑車
大陸特有,陸運,,擺渡車
大陸特有,陸運,,路肩
大陸特有,陸運,,道牙/馬路牙子
大陸特有,陸運,,摩的
大陸特有,陸運,,整裝車
大陸特有,陸運,,蹭車
大陸特有,陸運,,專列
大陸特有,陸運,,臨客
大陸特有,陸運,,藍牌
大陸特有,陸運,,軟臥
大陸特有,陸運,,軟席
大陸特有,陸運,,軟座
大陸特有,陸運,,載重汽車
大陸特有,陸運,,輔路/輔道
大陸特有,陸運,,悶子車/悶罐車
大陸特有,陸運,,駝峯
大陸特有,陸運,,微型車
大陸特有,陸運,,加車
大陸特有,陸運,,助力車
大陸特有,陸運,,應急停車帶/緊急停車道
大陸特有,陸運,,八縱八橫
大陸特有,陸運,,電單車
大陸特有,陸運,,輕騎 
大陸特有,陸運,,車改
大陸特有,陸運,,車補
大陸特有,陸運,,鐵老大
大陸特有,陸運,,車居
大陸特有,陸運,,車容
大陸特有,陸運,,管段
同實異名,交通管理,平交道,道口
同實異名,交通管理,交通法規,交通法規/交規
同實異名,交通管理,交警/交通警察,交警/交通警察/交通警
同實異名,交通管理,尖峰時間,交通高峯/高峯時間
同實異名,交通管理,行照/行車執照,行駛證 
同實異名,交通管理,快車道,快車道/快行線
同實異名,交通管理,紐澤西護欄,新澤西護欄/新澤西式護欄
同實異名,交通管理,高乘載車道/高乘載專用道,多成員車輛專用道/多成員車輛專用車道
同實異名,交通管理,高峰時間/尖峰時間,高峯時間
同實異名,交通管理,高峰期/尖峰期,高峯期
同實異名,交通管理,假牌,假牌/套牌
同實異名,交通管理,通關機/驗票閘門,閘機
同實異名,交通管理,斑馬線,斑馬線/人行橫道
同實異名,交通管理,慢車道,慢車道/慢行道
同實異名,交通管理,駕訓班/汽車駕駛訓練班,駕校 
同實異名,交通管理,雙黃線,雙黃線/中心雙實線
臺灣特有,交通管理,交通義警,
臺灣特有,交通管理,回堵,
臺灣特有,交通管理,紅單,
臺灣特有,交通管理,飛安,
臺灣特有,交通管理,義交/交通義警/義勇交通警察,
臺灣特有,交通管理,劃座位,
臺灣特有,交通管理,機車停等區,
臺灣特有,交通管理,離峰期,
大陸特有,交通管理,,一地兩檢
大陸特有,交通管理,,勸睡區
大陸特有,交通管理,,車本
大陸特有,交通管理,,車管所/車輛管理所
大陸特有,交通管理,,電子警察
大陸特有,交通管理,,交通協管員
大陸特有,交通管理,,裏手
大陸特有,交通管理,,咪表
大陸特有,交通管理,,趕點
大陸特有,交通管理,,排堵保暢
大陸特有,交通管理,,添堵
大陸特有,交通管理,,提速圈
大陸特有,交通管理,,聯檢
大陸特有,交通管理,,集疏運
大陸特有,交通管理,,路卡
大陸特有,交通管理,,路條
大陸特有,交通管理,,路規
大陸特有,交通管理,,隔離墩
大陸特有,交通管理,,綠色通道
大陸特有,交通管理,,軌道站/空軌站/輕軌站
大陸特有,交通管理,,違規記分
同實異名,其他,天橋/陸橋,天橋/過街橋/過街天橋
同實異名,其他,月臺票,月臺票/站臺票
同實異名,其他,快遞,快遞/特快專遞
同實異名,其他,來回票/去回票,來回票/往返票
同實異名,其他,飛行汽車/飛行車,飛行汽車 
同實異名,其他,徒步區/行人徒步區,步行街
同實異名,其他,貨櫃,貨櫃/集裝箱
同實異名,其他,運能,運能/運力
同實異名,其他,複合運輸,複合運輸/多式聯運
同實異名,其他,導盲道,導盲道/盲道
同實異名,其他,導盲磚,盲道磚 
同實異名,其他,排檔/排擋,排擋
同名異實,其他,延長線,延長線
同名異實,其他,脫線,脫線
同名異實,其他,監理所,監理所
臺灣特有,其他,早鳥票,
大陸特有,其他,,一票式
大陸特有,其他,,中轉
大陸特有,其他,,冬運
大陸特有,其他,,正橋
大陸特有,其他,,回空
大陸特有,其他,,宅急送
大陸特有,其他,,西氣東輸
大陸特有,其他,,西電東送/西電東輸
大陸特有,其他,,免票
大陸特有,其他,,封航
大陸特有,其他,,春運
大陸特有,其他,,乘務
大陸特有,其他,,值乘
大陸特有,其他,,航模
大陸特有,其他,,暑運
大陸特有,其他,,聯調
大陸特有,其他,,集運
大陸特有,其他,,路風
大陸特有,其他,,路難
大陸特有,其他,,零擔
大陸特有,其他,,慢件
大陸特有,其他,,管網
大陸特有,其他,,駕齡
大陸特有,其他,,封航令
大陸特有,其他,,工交
大陸特有,其他,,左行右立
同實異名,消費購物,保存期限,保存期限/保質期
同實異名,消費購物,保固,保修
同實異名,消費購物,保固期,保修期
同實異名,消費購物,展銷/展售,展銷
同實異名,消費購物,展櫃/展示櫃,展櫃/展示櫃/展櫥
同實異名,消費購物,破盤價,破盤價/破冰價
同實異名,消費購物,售報機/販報機,售報機
同實異名,消費購物,商業街/商店街,商業街
同實異名,消費購物,推車/手推車,推車/手推車/手車
同實異名,消費購物,販賣部,小賣部
同實異名,消費購物,販賣機/自動販賣機,販賣機/自動販賣機 /自動售貨機
同實異名,消費購物,散票,散票/零票
同實異名,消費購物,超市/超級市場,超市/超級市場/自選市場/自選商場
同實異名,消費購物,瑕疵品,殘品 /殘次品 
同實異名,消費購物,置入式廣告,隱性廣告/嵌入式廣告/植入式廣告
同實異名,消費購物,零首期/零頭款,零首期/零首付
同實異名,消費購物,綠色標誌/環境標誌/綠色標章,綠色標誌/環境標誌
同實異名,消費購物,網購/網上購物/網路購物,網購/網上購物/網絡購物 
同實異名,消費購物,熱門商品,熱門商品/緊俏商品
同實異名,消費購物,髮廊,髮廊/髮屋
同實異名,消費購物,頭期款,頭期款/首付
同實異名,消費購物,擺攤/擺攤子/擺地攤,擺攤/擺攤子/擺地攤/練攤兒
同實異名,消費購物,禮券,禮券/代幣券/代金券
同名異實,消費購物,定金,定金
同名異實,消費購物,定錢,定錢
同名異實,消費購物,消協,消協
同名異實,消費購物,聯保,聯保
臺灣特有,消費購物,打書,
臺灣特有,消費購物,正字標記,
臺灣特有,消費購物,早鳥優惠,
臺灣特有,消費購物,型錄式廣告,
臺灣特有,消費購物,消基會/消費者文教基金會,
臺灣特有,消費購物,理容院,
臺灣特有,消費購物,超商,
臺灣特有,消費購物,業配文,
臺灣特有,消費購物,滿額禮,
臺灣特有,消費購物,環保標章,
臺灣特有,消費購物,藥妝店,
大陸特有,消費購物,,找贖
大陸特有,消費購物,,二路貨
大陸特有,消費購物,,人情消費
大陸特有,消費購物,,三無產品
大陸特有,消費購物,,三包
大陸特有,消費購物,,夕陽市場
大陸特有,消費購物,,大路貨
大陸特有,消費購物,,小票/購物小票
大陸特有,消費購物,,馬路市場
大陸特有,消費購物,,友誼商店
大陸特有,消費購物,,雙信
大陸特有,消費購物,,幣市
大陸特有,消費購物,,氣站
大陸特有,消費購物,,水吧
大陸特有,消費購物,,車馬店
大陸特有,消費購物,,出票
大陸特有,消費購物,,出攤兒
大陸特有,消費購物,,生活資料/消費資料
大陸特有,消費購物,,農批
大陸特有,消費購物,,農貿市場
大陸特有,消費購物,,名優產品
大陸特有,消費購物,,名特優新
大陸特有,消費購物,,兩不找
大陸特有,消費購物,,估堆兒
大陸特有,消費購物,,報亭/報刊亭
大陸特有,消費購物,,國優
大陸特有,消費購物,,國煙
大陸特有,消費購物,,外菸
大陸特有,消費購物,,拆零
大陸特有,消費購物,,明碼標價
大陸特有,消費購物,,返修
大陸特有,消費購物,,俏賣/俏銷
大陸特有,消費購物,,星評
大陸特有,消費購物,,音樂茶座
大陸特有,消費購物,,倒掛
大陸特有,消費購物,,哭吧
大陸特有,消費購物,,殘次
大陸特有,消費購物,,氧吧
大陸特有,消費購物,,起步價
大陸特有,消費購物,,適銷
大陸特有,消費購物,,逆價
大陸特有,消費購物,,副品
大陸特有,消費購物,,唱付
大陸特有,消費購物,,唱收
大陸特有,消費購物,,商亭
大陸特有,消費購物,,商品城
大陸特有,消費購物,,商廈
大陸特有,消費購物,,彩擴
大陸特有,消費購物,,彩擴店
大陸特有,消費購物,,推展禮
大陸特有,消費購物,,斷市
大陸特有,消費購物,,斷檔
大陸特有,消費購物,,足沐店/足浴店/浴足店/腳沐店
大陸特有,消費購物,,虛高
大陸特有,消費購物,,虛假廣告
大陸特有,消費購物,,部優
大陸特有,消費購物,,野廣告
大陸特有,消費購物,,割價
大陸特有,消費購物,,遊商
大陸特有,消費購物,,等內
大陸特有,消費購物,,等外
大陸特有,消費購物,,菜店
大陸特有,消費購物,,菜點
大陸特有,消費購物,,菜籃子
大陸特有,消費購物,,糧票
大陸特有,消費購物,,隨行就市
大陸特有,消費購物,,零利肉
大陸特有,消費購物,,零利藥
大陸特有,消費購物,,影樓
大陸特有,消費購物,,霸級市場
大陸特有,消費購物,,導購
大陸特有,消費購物,,擴印
大陸特有,消費購物,,攤點
大陸特有,消費購物,,攤檔
大陸特有,消費購物,,斬客
大陸特有,消費購物,,熱價
大陸特有,消費購物,,碼洋
大陸特有,消費購物,,誠信店
大陸特有,消費購物,,話吧
大陸特有,消費購物,,購車證
大陸特有,消費購物,,軟廣告
大陸特有,消費購物,,摩爾/銷品茂
大陸特有,消費購物,,頂價
大陸特有,消費購物,,首付
大陸特有,消費購物,,拳頭產品/拳頭商品
大陸特有,消費購物,,支柱產品
大陸特有,消費購物,,有獎發票
大陸特有,消費購物,,殺熟
大陸特有,消費購物,,顯性廣告
大陸特有,消費購物,,放單
大陸特有,消費購物,,哄搶
大陸特有,消費購物,,耍秤桿子
大陸特有,消費購物,,書託
大陸特有,消費購物,,創牌子
同實異名,稱謂,小開,小開/富二代
同實異名,稱謂,太保,阿飛
同實異名,稱謂,引港/領港/引水人,引港/領港 
同實異名,稱謂,月嫂/月姨,月嫂
同實異名,稱謂,主夫/家庭主夫/家庭煮夫,主夫/家庭主夫/家庭煮夫/家庭婦男
同實異名,稱謂,代班,代班/替班
同實異名,稱謂,光棍/光棍兒/單身漢,光棍/光棍兒/單身漢/光棍兒漢
同實異名,稱謂,空少/空中少爺,空少/空中少爺/空哥/空中先生
同實異名,稱謂,保全/保全員,保安/保安員
同實異名,稱謂,保育員/保姆,保育員
同實異名,稱謂,啃老族,啃老族/傍老族
同實異名,稱謂,執行長,首席執行官
同實異名,稱謂,接班人/接棒人,接班人
同實異名,稱謂,深喉嚨,深喉
同實異名,稱謂,頂客族,丁克族/丁客族 
同實異名,稱謂,單親媽媽,單親媽媽/單身媽媽/獨身媽媽
同實異名,稱謂,智能障礙兒童,低常兒童
同實異名,稱謂,殘障者/殘障人士/殘疾人士,殘疾人 
同實異名,稱謂,郵差/投遞員/郵務士,郵差 /投遞員/郵遞員 
同實異名,稱謂,黃牛,黃牛/票販子
同實異名,稱謂,義工/志工,義工/志願者
同實異名,稱謂,網友,網友/網民
同實異名,稱謂,網路美女,網絡美女
同實異名,稱謂,環境難民,環境難民/生態難民
同實異名,稱謂,證人,證人/證明人
同實異名,稱謂,警衛,警衛/警衛員
同實異名,稱謂,鐘點工,鐘點工/小時工
同實異名,稱謂,攝影,攝影/攝像
同實異名,稱謂,飆車族/暴走族,飆車族
同名異實,稱謂,人頭,人頭
同名異實,稱謂,女同志,女同志
同名異實,稱謂,代理人,代理人
同名異實,稱謂,社會青年,社會青年
同名異實,稱謂,高工,高工
同名異實,稱謂,高妹,高妹
同名異實,稱謂,高級工程師,高級工程師
同名異實,稱謂,會計師,會計師
同名異實,稱謂,路霸,路霸
同名異實,稱謂,暴走族,暴走族
同名異實,稱謂,職稱,職稱
同名異實,稱謂,證婚人,證婚人
臺灣特有,稱謂,一軍,
臺灣特有,稱謂,七年級,
臺灣特有,稱謂,二度梅,
臺灣特有,稱謂,二軍,
臺灣特有,稱謂,千面人,
臺灣特有,稱謂,大姊頭/大姐頭,
臺灣特有,稱謂,大陸妹,
臺灣特有,稱謂,小王,
臺灣特有,稱謂,山老鼠,
臺灣特有,稱謂,山胞,
臺灣特有,稱謂,公道伯,
臺灣特有,稱謂,天龍人,
臺灣特有,稱謂,太座,
臺灣特有,稱謂,外省人,
臺灣特有,稱謂,外勞,
臺灣特有,稱謂,幼齒,
臺灣特有,稱謂,打火兄弟,
臺灣特有,稱謂,本勞,
臺灣特有,稱謂,正妹,
臺灣特有,稱謂,全銜,
臺灣特有,稱謂,宅男女神,
臺灣特有,稱謂,血牛,
臺灣特有,稱謂,技士,
臺灣特有,稱謂,更生族,
臺灣特有,稱謂,角頭,
臺灣特有,稱謂,車掌,
臺灣特有,稱謂,里民,
臺灣特有,稱謂,里幹事,
臺灣特有,稱謂,姊妹淘/姐妹淘,
臺灣特有,稱謂,怪咖,
臺灣特有,稱謂,盲胞,
臺灣特有,稱謂,長青樹,
臺灣特有,稱謂,阿巴桑/歐巴桑,
臺灣特有,稱謂,阿嬤,
臺灣特有,稱謂,玻璃圈,
臺灣特有,稱謂,軍公教,
臺灣特有,稱謂,剝皮妹,
臺灣特有,稱謂,屘,
臺灣特有,稱謂,師丈,
臺灣特有,稱謂,恐龍妹,
臺灣特有,稱謂,草根大使,
臺灣特有,稱謂,草莓族,
臺灣特有,稱謂,討海人,
臺灣特有,稱謂,迷姐,
臺灣特有,稱謂,送報生,
臺灣特有,稱謂,訪賓,
臺灣特有,稱謂,陸勞/大陸勞工,
臺灣特有,稱謂,備胎,
臺灣特有,稱謂,喜憨兒,
臺灣特有,稱謂,報馬仔,
臺灣特有,稱謂,無殼蝸牛,
臺灣特有,稱謂,街友,
臺灣特有,稱謂,黃牛,
臺灣特有,稱謂,圓仔花,
臺灣特有,稱謂,奧客,
臺灣特有,稱謂,幹員,
臺灣特有,稱謂,新人類,
臺灣特有,稱謂,新血,
臺灣特有,稱謂,新住民,
臺灣特有,稱謂,董座,
臺灣特有,稱謂,運匠/運將,
臺灣特有,稱謂,榮民/榮譽國民,
臺灣特有,稱謂,榮眷,
臺灣特有,稱謂,臺客,
臺灣特有,稱謂,蓋仙,
臺灣特有,稱謂,劈腿男,
臺灣特有,稱謂,劈腿族,
臺灣特有,稱謂,數位人,
臺灣特有,稱謂,歐吉桑,
臺灣特有,稱謂,髮姐,
臺灣特有,稱謂,噹噹兒,
臺灣特有,稱謂,導覽員,
臺灣特有,稱謂,撿尾刀,
臺灣特有,稱謂,整備士,
臺灣特有,稱謂,檳榔西施,
臺灣特有,稱謂,職場液態族,
臺灣特有,稱謂,藏鏡人,
臺灣特有,稱謂,聾胞,
臺灣特有,稱謂,七年級生,
大陸特有,稱謂,,二五眼
大陸特有,稱謂,,二奶專家
大陸特有,稱謂,,二把刀
大陸特有,稱謂,,二流子
大陸特有,稱謂,,二傳手
大陸特有,稱謂,,二貨
大陸特有,稱謂,,人梯
大陸特有,稱謂,,三孤
大陸特有,稱謂,,個體戶
大陸特有,稱謂,,義務工
大陸特有,稱謂,,土老帽
大陸特有,稱謂,,大男大女
大陸特有,稱謂,,大款
大陸特有,稱謂,,大腕/大腕兒
大陸特有,稱謂,,大齡青年
大陸特有,稱謂,,小業主
大陸特有,稱謂,,小字輩
大陸特有,稱謂,,小青年
大陸特有,稱謂,,小蜜
大陸特有,稱謂,,馬大哈
大陸特有,稱謂,,馬大嫂
大陸特有,稱謂,,五香嘴
大陸特有,稱謂,,公爹
大陸特有,稱謂,,雙職工
大陸特有,稱謂,,反斗星
大陸特有,稱謂,,文明標兵
大陸特有,稱謂,,無產者
大陸特有,稱謂,,毛腳女婿
大陸特有,稱謂,,水暖工
大陸特有,稱謂,,火箭幹部
大陸特有,稱謂,,風派
大陸特有,稱謂,,北漂
大陸特有,稱謂,,半文盲
大陸特有,稱謂,,臺屬
大陸特有,稱謂,,司售人員
大陸特有,稱謂,,外來工
大陸特有,稱謂,,外來妹
大陸特有,稱謂,,外來娃
大陸特有,稱謂,,失足青年
大陸特有,稱謂,,失足婦女
大陸特有,稱謂,,本本族
大陸特有,稱謂,,民工
大陸特有,稱謂,,民間大使
大陸特有,稱謂,,甩手掌櫃
大陸特有,稱謂,,電耗子
大陸特有,稱謂,,電霸/電老虎
大陸特有,稱謂,,交通員
大陸特有,稱謂,,光桿司令
大陸特有,稱謂,,農奴主
大陸特有,稱謂,,農民工
大陸特有,稱謂,,農藝師
大陸特有,稱謂,,華姐/中華小姐
大陸特有,稱謂,,協警/協警員
大陸特有,稱謂,,合食族
大陸特有,稱謂,,壯工
大陸特有,稱謂,,多面手
大陸特有,稱謂,,好角
大陸特有,稱謂,,尖腦殼
大陸特有,稱謂,,灰領/銀領
大陸特有,稱謂,,禮儀小姐
大陸特有,稱謂,,老姑
大陸特有,稱謂,,老黃牛
大陸特有,稱謂,,考碗族
大陸特有,稱謂,,兩孤一殘
大陸特有,稱謂,,伸手派
大陸特有,稱謂,,勞模/勞動模範
大陸特有,稱謂,,勞金
大陸特有,稱謂,,醫托/醫托兒
大陸特有,稱謂,,醫鬧
大陸特有,稱謂,,吧託
大陸特有,稱謂,,園託
大陸特有,稱謂,,牀模
大陸特有,稱謂,,拋拋族
大陸特有,稱謂,,村官
大陸特有,稱謂,,裏手
大陸特有,稱謂,,麥客
大陸特有,稱謂,,侃爺
大陸特有,稱謂,,學科帶頭人
大陸特有,稱謂,,官二代
大陸特有,稱謂,,官迷
大陸特有,稱謂,,房蟲/房蟲子/房蟲兒
大陸特有,稱謂,,擁躉
大陸特有,稱謂,,油耗子
大陸特有,稱謂,,法盲
大陸特有,稱謂,,泥腿子
大陸特有,稱謂,,炊事員
大陸特有,稱謂,,的姐
大陸特有,稱謂,,的哥
大陸特有,稱謂,,知青/知識青年
大陸特有,稱謂,,空嫂
大陸特有,稱謂,,經濟師
大陸特有,稱謂,,花把式
大陸特有,稱謂,,金領
大陸特有,稱謂,,保姆
大陸特有,稱謂,,復轉軍人
大陸特有,稱謂,,老爺/姥爺
大陸特有,稱謂,,屏奴
大陸特有,稱謂,,拼克
大陸特有,稱謂,,指路員
大陸特有,稱謂,,星二代
大陸特有,稱謂,,架子工
大陸特有,稱謂,,洋北漂/洋京漂
大陸特有,稱謂,,獨二代
大陸特有,稱謂,,獨苗
大陸特有,稱謂,,科盲
大陸特有,稱謂,,胞波
大陸特有,稱謂,,乘務員
大陸特有,稱謂,,倒爺
大陸特有,稱謂,,娛記
大陸特有,稱謂,,拿筆桿兒的
大陸特有,稱謂,,拿槍桿子的
大陸特有,稱謂,,捆綁夫妻
大陸特有,稱謂,,海外兵團
大陸特有,稱謂,,海歸/海歸派
大陸特有,稱謂,,海待
大陸特有,稱謂,,烈屬
大陸特有,稱謂,,烈軍屬
大陸特有,稱謂,,特嫌
大陸特有,稱謂,,病秧子
大陸特有,稱謂,,鐵哥們兒
大陸特有,稱謂,,鐵腳板
大陸特有,稱謂,,高幹
大陸特有,稱謂,,高參
大陸特有,稱謂,,高管
大陸特有,稱謂,,假小子
大陸特有,稱謂,,副職
大陸特有,稱謂,,基民
大陸特有,稱謂,,婆婆嘴
大陸特有,稱謂,,婚託/婚托兒
大陸特有,稱謂,,彩號
大陸特有,稱謂,,彩民
大陸特有,稱謂,,第三梯隊
大陸特有,稱謂,,銀齡
大陸特有,稱謂,,陪跑分子
大陸特有,稱謂,,麻辣媽媽
大陸特有,稱謂,,強巴頭/犟巴頭
大陸特有,稱謂,,愣頭兒青
大陸特有,稱謂,,款女
大陸特有,稱謂,,款爺
大陸特有,稱謂,,菜霸
大陸特有,稱謂,,催巴兒
大陸特有,稱謂,,傻帽/傻帽兒
大陸特有,稱謂,,勤務員
大陸特有,稱謂,,勤雜人員
大陸特有,稱謂,,廉內助
大陸特有,稱謂,,碎嘴子
大陸特有,稱謂,,嘎子
大陸特有,稱謂,,熊包
大陸特有,稱謂,,熊孩子
大陸特有,稱謂,,管培生/管理培訓生
大陸特有,稱謂,,膀爺
大陸特有,稱謂,,裸官
大陸特有,稱謂,,辣妹子
大陸特有,稱謂,,撞車幫/撞車黨
大陸特有,稱謂,,蹭停族
大陸特有,稱謂,,書簍子
大陸特有,稱謂,,軍嫂
大陸特有,稱謂,,衛監
大陸特有,稱謂,,婦男
大陸特有,稱謂,,憤青
大陸特有,稱謂,,蟻族
大陸特有,稱謂,,鋪路石
大陸特有,稱謂,,閃客
大陸特有,稱謂,,閃閃族
大陸特有,稱謂,,半邊戶
大陸特有,稱謂,,榜主
大陸特有,稱謂,,知本家
大陸特有,稱謂,,善長仁翁
大陸特有,稱謂,,血頭
大陸特有,稱謂,,血霸
大陸特有,稱謂,,諮客
大陸特有,稱謂,,馬路天使
大陸特有,稱謂,,內賓
大陸特有,稱謂,,過江龍
大陸特有,稱謂,,金手指
大陸特有,稱謂,,面瓜
大陸特有,稱謂,,黑五類
大陸特有,稱謂,,司勤
大陸特有,稱謂,,青工
大陸特有,稱謂,,活八仙
同實異名,電腦資訊,二進制數字/位元/二進位元/二進制位元,二進制數字/比特
同實異名,電腦資訊,二維條碼,二維條碼/二維碼/二維條形碼
同實異名,電腦資訊,人工智慧,人工智能
同實異名,電腦資訊,入口網站,門戶網站
同實異名,電腦資訊,下線/離線,下線/離線/下網/脫機
同實異名,電腦資訊,千位元組,千字節
同實異名,電腦資訊,小筆電,上網本
同實異名,電腦資訊,工作列,任務欄
同實異名,電腦資訊,中文化,漢化
同實異名,電腦資訊,互動式媒體,交互式媒體
同實異名,電腦資訊,互動式電視,交互式電視
同實異名,電腦資訊,內部網路,內聯網
同實異名,電腦資訊,分散式網路,分散式網絡
同實異名,電腦資訊,手提電腦/筆電/筆記型電腦,手提電腦/筆記本/筆記本電腦
同實異名,電腦資訊,文書處理,文字處理
同實異名,電腦資訊,主記憶體,內存/內存儲器/主存儲器
同實異名,電腦資訊,代理伺服器,代理服務器
同實異名,電腦資訊,以太網/乙太網路,以太網
同實異名,電腦資訊,半形,半角
同實異名,電腦資訊,用戶界面/用戶介面/使用者介面,用戶界面
同實異名,電腦資訊,用戶親和介面,友好用戶界面
同實異名,電腦資訊,光碟機,光驅/光盤機/光盤驅動器
同實異名,電腦資訊,全形,全角
同實異名,電腦資訊,全球資訊網,萬維網
同實異名,電腦資訊,共用軟體/共享軟體,共享軟件
同實異名,電腦資訊,列印,打印
同實異名,電腦資訊,印表機/列印機/列表機,打印機
同實異名,電腦資訊,多媒體/混合媒體,多媒體/混合媒體/多介質
同實異名,電腦資訊,字元,字符
同實異名,電腦資訊,有線網路,有線網絡
同實異名,電腦資訊,色情網站,色情網站/黃網
同實異名,電腦資訊,行動設備作業系統,移動操作系統
同實異名,電腦資訊,行動裝置,行動裝置/移動設備
同實異名,電腦資訊,行動碟/隨身碟,行動碟/閃盤/優盤/快閃碟/ 閃存盤 /大拇哥/霹靂碟/快閃記憶體盤
同實異名,電腦資訊,串流媒體,串流媒體/流媒體
同實異名,電腦資訊,伺服器,服務器
同實異名,電腦資訊,位元每秒/每秒位元數/每秒傳輸的位元數,比特秒/比特每秒/每秒傳送位數
同實異名,電腦資訊,位元組,字節
同實異名,電腦資訊,低階語言,低級語言
同實異名,電腦資訊,免費軟體,免費軟件
同實異名,電腦資訊,快取/快取記憶體,快取/快取記憶體/高速緩存/高速存儲器/高速緩衝存儲器
同實異名,電腦資訊,快閃記憶體,閃存/閃速存儲器
同實異名,電腦資訊,投影機/投影器,投影機/投影器/投影儀
同實異名,電腦資訊,每秒千位元數/每秒傳輸千位元數,每秒千字節/每秒千比特
同實異名,電腦資訊,系統軟體,系統軟件 
同實異名,電腦資訊,卸載/解除安裝,卸載
同實異名,電腦資訊,周邊設備,周邊設備/外圍設備 
同實異名,電腦資訊,抽取式磁碟,移動存儲器 
同實異名,電腦資訊,版主/板主/版大,版主/板主
同實異名,電腦資訊,社群網站,社交網站
同實異名,電腦資訊,封包交換/分封交換,封包交換/包交換/分組交換
同實異名,電腦資訊,洗版/洗板,刷屏/洗屏
同實異名,電腦資訊,界面/介面,界面
同實異名,電腦資訊,計算器/計算機/電算機/電子計算機,計算器
同實異名,電腦資訊,音效卡,聲卡 /聲效卡
同實異名,電腦資訊,首頁,首頁/主頁
同實異名,電腦資訊,個人電腦,個人電腦/個人計算器
同實異名,電腦資訊,原始碼,源代碼
同實異名,電腦資訊,套裝軟體,套裝軟件 
同實異名,電腦資訊,桌機/桌面電腦/桌上型電腦,桌機/桌面電腦/桌上型電腦/臺式機 /臺式電腦 
同實異名,電腦資訊,特洛伊木馬程式,特洛伊木馬程序
同實異名,電腦資訊,記憶卡,記憶卡/存儲卡
同實異名,電腦資訊,記憶體,存儲器 
同實異名,電腦資訊,高畫質,高清/高解像
同實異名,電腦資訊,高階語言/高階程式語言,高級語言
同實異名,電腦資訊,副檔名,擴展名
同實異名,電腦資訊,區域網路,局域網/局域網絡
同實異名,電腦資訊,唯讀記憶體/唯讀儲存器,只讀存儲器
同實異名,電腦資訊,埠,端口
同實異名,電腦資訊,掃描機/掃描器,掃描機/掃描器/掃描儀
同實異名,電腦資訊,條碼/條紋密碼,條碼 /條形碼 /信息碼 
同實異名,電腦資訊,條碼掃描器/讀碼機/條碼閱讀機,條碼掃描器 /條形碼掃描器 
同實異名,電腦資訊,液晶投影機/液晶投影器,液晶投影機/液晶投影器/液晶投影儀
同實異名,電腦資訊,移動硬碟/行動硬碟/隨身硬碟,移動硬盤 
同實異名,電腦資訊,組合語言,彙編語言
同實異名,電腦資訊,統一資源定位器/統一資源定位符/全球資源定位器/全球資源定址器,統一資源定位器/統一資源定位符/統一資源定位地址
同實異名,電腦資訊,軟碟,軟盤 /軟磁盤 
同實異名,電腦資訊,軟碟機/軟式磁碟機,軟式磁盤機
同實異名,電腦資訊,軟體,軟件 
同實異名,電腦資訊,軟體工程,軟件工程
同實異名,電腦資訊,軟體包,軟件包 
同實異名,電腦資訊,連線,聯機
同實異名,電腦資訊,部落客,博客 
同實異名,電腦資訊,部落格,博客 
同實異名,電腦資訊,掌上型電腦/個人數位助理,掌上型電腦/掌上電腦/個人數字助理
同實異名,電腦資訊,智慧型,智能型 
同實異名,電腦資訊,游標,遊標/光標
同實異名,電腦資訊,無線滑鼠,無線鼠標
同實異名,電腦資訊,無線網路,無線網絡
同實異名,電腦資訊,硬碟,硬盤 /硬磁盤
同實異名,電腦資訊,硬體,硬件/硬設備 
同實異名,電腦資訊,程式員,程序員
同實異名,電腦資訊,程式設計,程序設計 
同實異名,電腦資訊,程式語言,程序語言/編程語言/程序設計語言
同實異名,電腦資訊,程控/程式控制,程控/程序控制
同實異名,電腦資訊,虛擬記憶體,虛擬內存/虛擬存儲器
同實異名,電腦資訊,虛擬實境,虛擬現實
同實異名,電腦資訊,超大型積體電路,超大規模集成電路
同實異名,電腦資訊,超文本標記語言/超文件標示語言,超文本置標語言
同實異名,電腦資訊,超級電腦,超級電腦/超級計算器
同實異名,電腦資訊,超極致筆電,超極本
同實異名,電腦資訊,超鏈結/超連結,超鏈結 /超鏈接 /超級鏈結/超級鏈接
同實異名,電腦資訊,集中式網路,集中式網絡
同實異名,電腦資訊,集成塊/積體電路,集成塊/集成電路 
同實異名,電腦資訊,雲端運算,雲計算
同實異名,電腦資訊,韌體,固件
同實異名,電腦資訊,黑客/駭客,黑客
同實異名,電腦資訊,傳輸控制協定,傳輸控制協議
同實異名,電腦資訊,匯流排,匯流排/總線
同實異名,電腦資訊,微電腦/微算機/微型計算機/微型電子計算機,微電腦/微算機/微型計算機/微型電子計算機/微機
同實異名,電腦資訊,感光鼓,感光鼓/硒鼓
同實異名,電腦資訊,感測網路,感測網絡
同實異名,電腦資訊,搜索引擎/搜尋引擎,搜索引擎
同實異名,電腦資訊,滑鼠,鼠標/鼠標器
同實異名,電腦資訊,當機,死機 
同實異名,電腦資訊,解析度,分辨率
同實異名,電腦資訊,資料夾,文件夾
同實異名,電腦資訊,資料探勘,數據採掘/數據挖掘
同實異名,電腦資訊,資料匯流排,數據總線
同實異名,電腦資訊,資訊,信息 
同實異名,電腦資訊,資訊工業/資訊產業,信息產業
同實異名,電腦資訊,資訊化,信息化 
同實異名,電腦資訊,資訊安全/資安,資訊安全/網禦/信息安全/互聯網安全防禦
同實異名,電腦資訊,資訊技術,信息技術 
同實異名,電腦資訊,資訊系統,信息系統
同實異名,電腦資訊,資訊服務網,信息服務網
同實異名,電腦資訊,資訊流,信息流
同實異名,電腦資訊,資訊科技,信息科技
同實異名,電腦資訊,資訊庫,信息庫
同實異名,電腦資訊,資訊高速公路,信息高速公路
同實異名,電腦資訊,資訊理論,信息理論
同實異名,電腦資訊,閘道/閘道器,網關/網間連接器
同實異名,電腦資訊,雷射印表機,激光打印機 
同實異名,電腦資訊,電子出版物/電子出版品,電子出版物
同實異名,電腦資訊,電子資訊,電子信息 
同實異名,電腦資訊,電子遊戲,電子遊戲/電遊
同實異名,電腦資訊,電子檔,電子檔/電子文檔
同實異名,電腦資訊,電玩軟體,電玩軟件 
同實異名,電腦資訊,電郵/伊妹兒/電子郵件/伊眉兒/伊媚兒,電郵/伊妹兒/電子郵件/電子函件
同實異名,電腦資訊,電腦病毒,電腦病毒/計算機病毒
同實異名,電腦資訊,電腦程式,軟件程序/計算機程序
同實異名,電腦資訊,電腦網路,計算機網絡 
同實異名,電腦資訊,電腦語音處理,電腦語音處理/計算機語音處理
同實異名,電腦資訊,電腦輔助教學,電腦輔助教學/計算機輔助教學
同實異名,電腦資訊,圖形化使用者介面,圖形用戶界面
同實異名,電腦資訊,截圖/螢幕截圖,截圖/截屏/屏幕截圖
同實異名,電腦資訊,碟片/光碟,碟片/光盤
同實異名,電腦資訊,磁碟,磁盤 
同實異名,電腦資訊,磁碟作業系統,磁盤操作系統
同實異名,電腦資訊,綠色軟體/可攜式軟體,綠色軟件/可攜式軟件
同實異名,電腦資訊,網卡/網路卡,網卡/網絡卡
同實異名,電腦資訊,網咖,網吧 
同實異名,電腦資訊,網站,網站/站點
同實異名,電腦資訊,網間網路作業系統,網間網絡操作系統
同實異名,電腦資訊,網路,網絡 
同實異名,電腦資訊,網路化,網絡化 
同實異名,電腦資訊,網路版,網絡版 
同實異名,電腦資訊,網路電腦,網絡計算機
同實異名,電腦資訊,網路電話/寬頻電話/網際網路電話,網絡電話/網上電話 /互聯網電話 
同實異名,電腦資訊,網路語言,網語/網絡語言
同實異名,電腦資訊,網路蟑螂,玉米蟲/網絡蟑螂
同實異名,電腦資訊,網路攝影機,網絡攝影機/網絡攝像頭
同實異名,電腦資訊,網遊/線上遊戲/網路遊戲,網遊/線上遊戲/網絡遊戲/在線遊戲
同實異名,電腦資訊,網誌/網路日誌,網誌/網絡日誌/網絡日記
同實異名,電腦資訊,網際網路,互聯網
同實異名,電腦資訊,網際網路,因特網
同實異名,電腦資訊,網際網路協定,網絡通訊協議/因特網互聯協議
同實異名,電腦資訊,網編/網路編輯,網編/網絡編輯
同實異名,電腦資訊,網調/線上調查,網調/在線調查
同實異名,電腦資訊,輔助記憶體,外存儲器/輔助存儲器
同實異名,電腦資訊,噴墨式印表機/噴墨式列印機/噴射式油墨印表機,噴墨打印機/噴墨式打印機 
同實異名,電腦資訊,寬頻,寬帶 
同實異名,電腦資訊,寬頻網路,寬帶網絡
同實異名,電腦資訊,廣域網路,廣域網
同實異名,電腦資訊,影碟機,影碟機/碟機/視盤機
同實異名,電腦資訊,數位化,數字化
同實異名,電腦資訊,數位圖書館,數字圖書館
同實異名,電腦資訊,數據機,調制解調器 
同實異名,電腦資訊,確認鍵,回車/回車鍵 
同實異名,電腦資訊,編譯器/編譯程式,編譯器/編譯程序
同實異名,電腦資訊,燒錄,燒錄/刻錄
同實異名,電腦資訊,燒錄機/光碟燒錄機,刻錄機/光盤刻錄機
同實異名,電腦資訊,螢幕保護程式,屏保 /屏幕保護 
同實異名,電腦資訊,選單/功能表/目錄,選單/功能表/菜單
同實異名,電腦資訊,應用程式,應用程序
同實異名,電腦資訊,擬真視訊,網真 
同實異名,電腦資訊,檔案傳輸協定,文件傳輸協議
同實異名,電腦資訊,藍白當機畫面,藍屏/藍屏死機 
同實異名,電腦資訊,轉帖/轉貼/轉文,轉帖/轉貼
同實異名,電腦資訊,觸控式螢幕,觸屏 /觸摸屏 /觸控式屏幕 
同實異名,電腦資訊,驅動程式,驅動程序
同實異名,電腦資訊,讀卡機,讀卡機/閱卡機
同實異名,電腦資訊,顯卡/顯示卡/顯示器配接卡,顯卡/顯示卡/顯示器適配卡
同實異名,電腦資訊,纜線數據機,電纜調制解調器/線纜調制解調器/線纜調變解調器
同名異實,電腦資訊,連線,連線
同名異實,電腦資訊,雙拼,雙拼
同名異實,電腦資訊,離線作業,離線作業
臺灣特有,電腦資訊,事務機/複合機,
臺灣特有,電腦資訊,掛網,
臺灣特有,電腦資訊,當掉,
臺灣特有,電腦資訊,噗友,
臺灣特有,電腦資訊,線上問卷,
大陸特有,電腦資訊,,一點通
大陸特有,電腦資訊,,分屏
大陸特有,電腦資訊,,文語轉換
大陸特有,電腦資訊,,加密棒
大陸特有,電腦資訊,,漢顯
大陸特有,電腦資訊,,名稱庫
大陸特有,電腦資訊,,存盤
大陸特有,電腦資訊,,網醫
大陸特有,電腦資訊,,網毒
大陸特有,電腦資訊,,網選
大陸特有,電腦資訊,,考機
大陸特有,電腦資訊,,行頻
大陸特有,電腦資訊,,投影屏
大陸特有,電腦資訊,,單頁
大陸特有,電腦資訊,,錄入
大陸特有,電腦資訊,,信息點
大陸特有,電腦資訊,,視頻
大陸特有,電腦資訊,,視頻流
大陸特有,電腦資訊,,彩芒
大陸特有,電腦資訊,,彩屏
大陸特有,電腦資訊,,彩顯
大陸特有,電腦資訊,,博主
大陸特有,電腦資訊,,硬屏
大陸特有,電腦資訊,,程控機/程控電話
大陸特有,電腦資訊,,微機羣
大陸特有,電腦資訊,,微盤
大陸特有,電腦資訊,,數字人
大陸特有,電腦資訊,,數據源
大陸特有,電腦資訊,,樓主
大陸特有,電腦資訊,,概念版
大陸特有,電腦資訊,,截屏
大陸特有,電腦資訊,,播客
大陸特有,電腦資訊,,激光照排
大陸特有,電腦資訊,,導遊儀
大陸特有,電腦資訊,,顯示屏
大陸特有,電腦資訊,,監管碼/電子監管碼
大陸特有,電腦資訊,,編程
大陸特有,電腦資訊,,試驗網
大陸特有,電腦資訊,,帖吧/貼吧
大陸特有,電腦資訊,,軟屏
大陸特有,電腦資訊,,網言網語
大陸特有,電腦資訊,,軟驅
大陸特有,電腦資訊,,信息港/數字港/數位港/數碼港
大陸特有,電腦資訊,,網企
大陸特有,電腦資訊,,網祭
大陸特有,電腦資訊,,網德
大陸特有,電腦資訊,,硬驅
大陸特有,電腦資訊,,開博
大陸特有,電腦資訊,,攢機
同實異名,郵政,郵遞區號,郵編 /郵碼/郵政編碼 
同實異名,郵政,集郵日戳/癸字戳,集郵日戳
臺灣特有,郵政,限時專送,
臺灣特有,郵政,報值掛號,
臺灣特有,郵政,報值掛號信,
大陸特有,郵政,,收寄機
大陸特有,郵政,,信皮
大陸特有,郵政,,速遞
大陸特有,郵政,,鄉郵
同實異名,電信,手機/大哥大/無線電話/行動電話,手機/大哥大/無線電話/移動電話
同實異名,電信,卡式電話,磁卡電話
同實異名,電信,多媒體簡訊,彩信
同實異名,電信,忙線訊號,忙音信號
同實異名,電信,行動通信,移動通信
同實異名,電信,免持,免提
同實異名,電信,來電答鈴,彩鈴
同實異名,電信,窄頻帶,窄帶
同實異名,電信,基地臺,基地臺/基站
同實異名,電信,接線員/話務員/接線生,接線員/話務員
同實異名,電信,智慧型手機,智能手機
同實異名,電信,無線電話,無繩電話
同實異名,電信,短訊息/簡訊,短訊息/短信/短信息/短消息
同實異名,電信,視訊電話,視頻電話
同實異名,電信,傳呼機/呼叫器,傳呼機/呼機/考機/拷機/尋呼機/無線尋呼機
同實異名,電信,解碼盒/機上盒,解碼盒 /機頂盒 
同實異名,電信,解碼器,解碼器/破碼器
同實異名,電信,雷射通信,雷射通信/激光通信
同實異名,電信,電子遮蔽器,屏蔽儀
同實異名,電信,電傳打字機,電傳機 
同實異名,電信,電話答錄機,錄音電話 
同實異名,電信,數位傳輸,數字通信/數碼通信
同實異名,電信,頻寬/頻帶寬度,頻寬/頻帶寬度/帶寬
同實異名,電信,聽筒,聽筒/耳機
臺灣特有,電信,八號分機,
臺灣特有,電信,國際電話預付卡,
臺灣特有,電信,掛線,
臺灣特有,電信,電傳視訊,
大陸特有,電信,,友好用戶
大陸特有,電信,,雙待
大陸特有,電信,,無線尋呼
大陸特有,電信,,主叫
大陸特有,電信,,主被叫
大陸特有,電信,,電視差轉檯
大陸特有,電信,,長途臺
大陸特有,電信,,併網
大陸特有,電信,,忙音
大陸特有,電信,,網聊
大陸特有,電信,,聲訊臺
大陸特有,電信,,折機
大陸特有,電信,,來電寶
大陸特有,電信,,受端
大陸特有,電信,,固話/座機/固定電話
大陸特有,電信,,特服號
大陸特有,電信,,送端
大陸特有,電信,,掉線
大陸特有,電信,,移動通網
大陸特有,電信,,通聯卡
大陸特有,電信,,割接
大陸特有,電信,,聯網
大陸特有,電信,,羣發
大陸特有,電信,,跨網
大陸特有,電信,,鄉情卡/如意通鄉情卡
大陸特有,電信,,傳呼
大陸特有,電信,,呼臺/尋呼臺
大陸特有,電信,,聲訊
大陸特有,電信,,升位
大陸特有,電信,,被叫
大陸特有,電信,,掛機
大陸特有,電信,,小靈通
大陸特有,其他,,上星
大陸特有,其他,,師兄球/談判球
大陸特有,其他,,求助機
大陸特有,其他,,郵電局
大陸特有,其他,,通稿
同實異名,醫療保健,SARS/嚴重急性呼吸症候群/嚴重急性呼吸道症候群,沙士/非典/薩斯/非典型肺炎/嚴重急性呼吸綜合徵
同實異名,醫療保健,二形人/兩性人/陰陽人,二形人/兩性人/陰陽人/二性子
同實異名,醫療保健,二拇指/二拇指頭,二拇指/二拇指頭/示指
同實異名,醫療保健,人類基因體計畫,人類基因組計劃
同實異名,醫療保健,三唑侖/酣樂欣,三唑侖/酣樂欣/海樂神
同實異名,醫療保健,口水/口沫/口涎/唾沫/唾液,口水/口沫/口涎/唾沫/唾液/哈喇子
同實異名,醫療保健,大牙/臼齒/槽牙,大牙/臼齒/槽牙/磨牙
同實異名,醫療保健,大便/大解/上大號,大便/大解/解大手
同實異名,醫療保健,小便/小解/小遺/上一號/上小號,小便/小解/小遺/解小手
同實異名,醫療保健,公醫,公費醫療
同實異名,醫療保健,心口,心口/心口窩
同實異名,醫療保健,心肌梗塞,心肌梗塞/心梗/心肌梗死
同實異名,醫療保健,心律不整,心律不整/心律不齊/心律失常
同實異名,醫療保健,心率/心速/心跳率/心跳速率,心率
同實異名,醫療保健,心理諮商,心理諮詢 
同實異名,醫療保健,日本腦炎,日本腦炎/乙腦/流行性乙型腦炎
同實異名,醫療保健,日光浴,日光浴/太陽浴
同實異名,醫療保健,代理孕母,代母/代孕母親
同實異名,醫療保健,加護病房,監護病房/特護病房/重症監護室/加強治療病房/重症監護病房
同實異名,醫療保健,打胎/墮胎/人工流產,打胎/墮胎/人工流產/人流
同實異名,醫療保健,打點滴/吊點滴,打點滴/掛水/輸液/打吊針/吊鹽水
同實異名,醫療保健,生理食鹽水,生理鹽水 
同實異名,醫療保健,白化症/白化病/白子,白化症/白化病/羊白頭
同實異名,醫療保健,白袍,白大褂
同實異名,醫療保健,皮膚炎,皮炎 
同實異名,醫療保健,冰毒/大力丸/甲基苯丙胺/甲基安非他命,冰毒/大力丸/甲基苯丙胺/甲基安非他命/甲基安非他明
同實異名,醫療保健,多巴胺,多巴胺/羥酪胺
同實異名,醫療保健,安公子/安非他命,安非他明
同實異名,醫療保健,安樂死,安樂死/慈悲殺人
同實異名,醫療保健,羊水,羊水/胞漿水
同實異名,醫療保健,老花眼,老花眼/老光/老視
同實異名,醫療保健,耳洞,耳洞/耳朵眼兒
同實異名,醫療保健,耳道/外耳道/外聽道,耳道/外耳道/外聽道/耳朵眼兒
同實異名,醫療保健,自體免疫疾病,自身免疫疾病/自身免疫病
同實異名,醫療保健,吸二手菸/抽二手烟,吸二手菸/抽二手菸/被動吸菸
同實異名,醫療保健,戒毒所/戒毒中心/勒戒所/菸毒勒戒所/煙毒勒戒所,戒毒所/戒毒中心
同實異名,醫療保健,批價,劃價
同實異名,醫療保健,狂牛症/牛腦海綿狀病變,瘋牛病 
同實異名,醫療保健,肝功能,肝功能/肝功
同實異名,醫療保健,乳突狀瘤病毒,乳頭狀瘤病毒
同實異名,醫療保健,帕金森病 /柏金遜症/巴金森氏症/帕金森氏症/帕金森綜合症/震顫麻痺綜合症/柏金森氏病,帕金森病/柏金遜症/巴金森氏症/帕金森氏症/帕金森綜合症/震顫麻痹綜合症/帕金森綜合徵
同實異名,醫療保健,抹片,塗片
同實異名,醫療保健,疝氣/串氣,疝氣/小腸串氣
同實異名,醫療保健,矽肺,硅肺
同實異名,醫療保健,芬蘭浴/三溫暖,芬蘭浴/桑拿/桑拿浴/薩烏拉浴
同實異名,醫療保健,長期記憶,長期記憶/長久記憶/長時記憶
同實異名,醫療保健,阿司匹靈/阿斯匹靈,阿司匹林
同實異名,醫療保健,阿茲海默症/阿滋海默症/阿茨海默症,阿茲海默症/阿爾茨海默病
同實異名,醫療保健,前列腺/攝護腺,前列腺 
同實異名,醫療保健,叛逆/叛逆心理,叛逆/叛逆心理/逆反/逆反心理
同實異名,醫療保健,威而鋼,偉哥/萬艾可
同實異名,醫療保健,扁桃腺,扁桃腺/扁桃體
同實異名,醫療保健,疫病,疫病/病疫
同實異名,醫療保健,看護/看護工,護工 
同實異名,醫療保健,紅血球,紅血球/紅細胞
同實異名,醫療保健,紅血球生成素,紅細胞生成素
同實異名,醫療保健,剖腹產/剖腹生產,剖腹產/剖宮產
同實異名,醫療保健,家庭醫生/家醫,家庭醫生
同實異名,醫療保健,家庭醫學/家醫,家庭醫學
同實異名,醫療保健,挽面,挽面/絞臉 
同實異名,醫療保健,捐血,捐血/獻血/無償獻血 
同實異名,醫療保健,症候群,症候羣/綜合徵
同實異名,醫療保健,胸腔科,胸科 
同實異名,醫療保健,迷幻藥,迷幻藥/致幻劑
同實異名,醫療保健,排斥反應,排異反應
同實異名,醫療保健,探溫機/探溫器/探熱機/測溫機,探溫機/探溫器/探熱機/測溫機/熱像儀
同實異名,醫療保健,救護車,救護車/急救車
同實異名,醫療保健,梗塞,梗塞/梗死
同實異名,醫療保健,淋病/菜花,淋病
同實異名,醫療保健,理療師/物理治療師,理療師/物理治療師/康復師
同實異名,醫療保健,異戊巴比妥/青發,異戊巴比妥
同實異名,醫療保健,第六感,第六感/第六感官/第六感覺
同實異名,醫療保健,速賜康/潘他唑新,鎮痛新/噴他佐辛 
同實異名,醫療保健,散光/亂視,散光
同實異名,醫療保健,湯劑/湯藥/煎劑,湯劑/湯藥/煎劑/水劑
同實異名,醫療保健,琺瑯質/牙釉質,琺琅質/釉質
同實異名,醫療保健,診療室,診療室/診室
同實異名,醫療保健,陽痿/陽萎,陽痿
同實異名,醫療保健,微血管,微血管/毛細管/毛細血管
同實異名,醫療保健,愛滋病/後天免疫不全症候群/後天免疫缺乏症候群/獲得性免疫缺陷症候群,愛滋病/後天免疫不全症候羣/後天免疫缺乏症候羣/獲得性免疫缺陷綜合徵
同實異名,醫療保健,愛滋病毒/人類免疫不全病毒/人類免疫缺乏病毒/人類免疫不全症病毒/人類免疫缺失症病毒,艾滋病毒/人類免疫缺陷病毒
同實異名,醫療保健,滑鼠手,鼠標手
同實異名,醫療保健,腦死,腦死亡 
同實異名,醫療保健,腦梗塞/缺血性腦中風,腦梗塞/缺血性腦中風/腦梗死
同實異名,醫療保健,腦電圖/腦波圖,腦電圖 
同實異名,醫療保健,腳脖子,腳脖子/腳頸子
同實異名,醫療保健,過動兒,多動兒
同實異名,醫療保健,過動症/注意力缺陷過動症,多動症
同實異名,醫療保健,過敏/過敏反應/過敏性反應,過敏/過敏反應/過敏性反應/變態反應
同實異名,醫療保健,雷射刀,激光刀
同實異名,醫療保健,睡眠窒息症/睡眠呼吸中止症/睡眠呼吸暫停症候群/睡眠呼吸中止症候群,睡眠窒息症/睡眠呼吸中止症/睡眠呼吸暫停綜合徵
同實異名,醫療保健,精神官能症/精神症,精神官能症/神經症/神經官能症
同實異名,醫療保健,網路症候群/網路沉溺症/網路綜合症,網絡綜合徵
同實異名,醫療保健,蒙汗藥,蒙汗藥/蒙藥
同實異名,醫療保健,鼻胃管,胃管/鼻飼管
同實異名,醫療保健,衛生棉,衛生巾
同實異名,醫療保健,豬流感/A型H1N1流感,豬流感/甲型H1N1
同實異名,醫療保健,頜骨/顎骨,頜骨 
同實異名,醫療保健,篩檢,篩檢/篩查
同實異名,醫療保健,檢疫/驗疫,檢疫
同實異名,醫療保健,避孕器,避孕器/節育器
同實異名,醫療保健,點滴,點滴/吊瓶
同實異名,醫療保健,斷層掃描/電腦斷層攝影,斷層掃描/計算機斷層掃描/計算機層析成像
同實異名,醫療保健,顏面神經,面神經 
同實異名,醫療保健,藥用棉,藥用棉/衛生棉
同實異名,醫療保健,懼高,恐高 
同實異名,醫療保健,懼高症,恐高症
同實異名,醫療保健,體檢,體檢/查體
同名異實,醫療保健,安心卡,安心卡
同名異實,醫療保健,電子眼,電子眼
同名異實,醫療保健,衛生院,衛生院
同名異實,醫療保健,衛生棉,衛生棉
同名異實,醫療保健,臨檢,臨檢
同名異實,醫療保健,醫改,醫改
同名異實,醫療保健,醫療保險,醫療保險
同名異實,醫療保健,體位,體位
臺灣特有,醫療保健,公醫,
臺灣特有,醫療保健,公醫制度,
臺灣特有,醫療保健,行動值,
臺灣特有,醫療保健,杜鵑窩,
臺灣特有,醫療保健,赤腳仙,
臺灣特有,醫療保健,油切,
臺灣特有,醫療保健,咬手,
臺灣特有,醫療保健,面皰,
臺灣特有,醫療保健,捐輸,
臺灣特有,醫療保健,烏腳病,
臺灣特有,醫療保健,特別護士,
臺灣特有,醫療保健,健保/健康保險/全民健保/全民健康保險,
臺灣特有,醫療保健,健保卡,
臺灣特有,醫療保健,密醫,
臺灣特有,醫療保健,榮民醫院,
臺灣特有,醫療保健,機轉,
臺灣特有,醫療保健,翻腳刀,
大陸特有,醫療保健,,下藥捻子
大陸特有,醫療保健,,個體醫
大陸特有,醫療保健,,無手機焦慮
大陸特有,醫療保健,,平安鍾/平安鈴
大陸特有,醫療保健,,生物導彈
大陸特有,醫療保健,,生活方式病
大陸特有,醫療保健,,白衣戰士
大陸特有,醫療保健,,亞健康/第三狀態
大陸特有,醫療保健,,光刀
大陸特有,醫療保健,,多發病
大陸特有,醫療保健,,早老性癡呆
大陸特有,醫療保健,,纖體
大陸特有,醫療保健,,網醫
大陸特有,醫療保健,,耳音
大陸特有,醫療保健,,血防
大陸特有,醫療保健,,血象
大陸特有,醫療保健,,串皮
大陸特有,醫療保健,,醫保
大陸特有,醫療保健,,醫療券
大陸特有,醫療保健,,赤腳醫生
大陸特有,醫療保健,,防非
大陸特有,醫療保健,,定點藥
大陸特有,醫療保健,,補液
大陸特有,醫療保健,,流調
大陸特有,醫療保健,,榮軍醫院
大陸特有,醫療保健,,原發
大陸特有,醫療保健,,家庭病牀
大陸特有,醫療保健,,家庭病房
大陸特有,醫療保健,,恐購症
大陸特有,醫療保健,,氧療/氧氣療法
大陸特有,醫療保健,,特護
大陸特有,醫療保健,,病號飯
大陸特有,醫療保健,,病損
大陸特有,醫療保健,,胸片
大陸特有,醫療保健,,彩超
大陸特有,醫療保健,,遊戲腦
大陸特有,醫療保健,,落汗
大陸特有,醫療保健,,零差率
大陸特有,醫療保健,,鼻飼
大陸特有,醫療保健,,瞎奶
大陸特有,醫療保健,,導醫
大陸特有,醫療保健,,暈場
大陸特有,醫療保健,,積極休息/活動性休息
大陸特有,醫療保健,,計劃免疫
大陸特有,醫療保健,,試表
大陸特有,醫療保健,,鬧心
大陸特有,醫療保健,,免疫排異反應
大陸特有,醫療保健,,專家號
大陸特有,醫療保健,,普通號
大陸特有,醫療保健,,導診/導醫
大陸特有,醫療保健,,脫癮
大陸特有,醫療保健,,藥醋
大陸特有,醫療保健,,醫藥代表
大陸特有,醫療保健,,大處方
大陸特有,醫療保健,,惡變
同實異名,機械, 泵 /唧筒/泵浦/幫浦, 泵 /唧筒
同實異名,機械,三角皮帶,三角帶
同實異名,機械,天車,天車/行車
同實異名,機械,拖拉機,拖拉機/鐵牛
同實異名,機械,挖土機/挖掘機/怪手,挖土機/挖掘機/掘土機
同實異名,機械,耕耘機/鐵牛,耕耘機
同實異名,機械,堆高機,叉車 /剷車
同實異名,機械,牽引機/曳引機,牽引機 
同實異名,機械,剷土機,鏟土機/鏟運機
同實異名,機械,潛盾機,盾構機 
同實異名,機械,機制,機制/機理
同實異名,機械,聯合收割機,聯合收割機/康拜因
臺灣特有,機械,一貫作業,
臺灣特有,機械,小山貓,
臺灣特有,機械,跳機,
大陸特有,機械,,滿負荷
大陸特有,機械,,工作面
大陸特有,機械,,電鏟/繩鏟/鋼纜鏟
大陸特有,機械,,農機站/農業機械工作站
同實異名,教育＆文化,小小班/幼幼班,小小班
同實異名,教育＆文化,小學/國小/國民小學,小學 
同實異名,教育＆文化,公立學校,公立學校/公辦學校
同實異名,教育＆文化,幼教/幼兒教育/學前教育/幼稚教育,幼教/幼兒教育/學前教育
同實異名,教育＆文化,生涯規劃,生涯規劃/生涯設計
同實異名,教育＆文化,休學,休學/停學
同實異名,教育＆文化,同步口譯,同傳 /同聲傳譯/同聲翻譯 
同實異名,教育＆文化,多益,託業
同實異名,教育＆文化,安親班,託班 /託管班 
同實異名,教育＆文化,早期教育,早期教育/早教
同實異名,教育＆文化,考古題,真題
同實異名,教育＆文化,住校生,住校生/住讀生
同實異名,教育＆文化,克漏字,完型填空
同實異名,教育＆文化,助學貸款/就學貸款,助學貸款/貸學金
同實異名,教育＆文化,坎城影展,戛納影展
同實異名,教育＆文化,私校,民校
同實異名,教育＆文化,走讀生/通學生/通勤生,走讀生 /通學生 
同實異名,教育＆文化,夜大,夜大/夜大學
同實異名,教育＆文化,姊妹市/姐妹市,姊妹市/姐妹市/兄弟市/姊妹城/姐妹城/友好城市
同實異名,教育＆文化,孤兒院/保育院/育幼院,孤兒院 /保育院
同實異名,教育＆文化,盲人學校/啟明學校,盲人學校
同實異名,教育＆文化,空大/空中大學,電大 /電視大學 
同實異名,教育＆文化,肢體語言,肢體語言/體態語
同實異名,教育＆文化,金氏世界紀錄,吉尼斯世界紀錄 
同實異名,教育＆文化,前段班,快班
同實異名,教育＆文化,封底,封底/封四
同實異名,教育＆文化,封底裡,封三
同實異名,教育＆文化,封面,封面/封一
同實異名,教育＆文化,封面裡,封二
同實異名,教育＆文化,建教合作,廠校掛鉤 
同實異名,教育＆文化,後段班,慢班 
同實異名,教育＆文化,指導教授,導師
同實異名,教育＆文化,校園民歌,臺灣校園歌曲
同實異名,教育＆文化,校園網路,校園網絡
同實異名,教育＆文化,校運會/校運,校運會
同實異名,教育＆文化,留級,留級/留班/蹲班
同實異名,教育＆文化,破音字/歧音異義字,破讀字
同實異名,教育＆文化,級任/班導/導師/班導師/級任導師,級任 /班主任
同實異名,教育＆文化,高職/高級職業學校,職高/職業高中
同實異名,教育＆文化,國際音標/萬國音標/國際語音學字母/萬國語音學字母,國際音標 
同實異名,教育＆文化,基礎教育/基本教育,基礎教育
同實異名,教育＆文化,基礎學科/基本科目/基本學科,基礎學科
同實異名,教育＆文化,專科/專科學校/專校,專科/專科學校/大專
同實異名,教育＆文化,教學軟體,課件
同實異名,教育＆文化,梗漫,暴漫/暴走漫畫
同實異名,教育＆文化,猜題,猜題/壓題/押題
同實異名,教育＆文化,軟實力,軟實力/軟力量
同實異名,教育＆文化,通才教育/通識教育,通才教育 
同實異名,教育＆文化,勞作,勞作/勞技
同實異名,教育＆文化,扉頁,扉頁/內封
同實異名,教育＆文化,期考/期末考,期考/期末考/大考/期終考
同實異名,教育＆文化,答案卷,答卷
同實異名,教育＆文化,開學典禮/始業式,開學典禮 
同實異名,教育＆文化,意大利語/義大利語,意大利語
同實異名,教育＆文化,腦力激盪,腦力激盪/頭腦風暴
同實異名,教育＆文化,電子字典/電腦字典,電子字典/計算機字典
同實異名,教育＆文化,電腦辭典,電腦辭典/計算機辭典
同實異名,教育＆文化,槍替,槍替/打槍
同實異名,教育＆文化,網路教育,網絡教育 
同實異名,教育＆文化,遠距教學,遠距離教學
同實異名,教育＆文化,罷教/罷課,罷教
同實異名,教育＆文化,複印本/影印本,複印件/影印件
同實異名,教育＆文化,閱卷,閱卷/評卷
同實異名,教育＆文化,壁報,壁報/牆報
同實異名,教育＆文化,學科/學門,學科
同實異名,教育＆文化,螢光筆,熒光筆
同實異名,教育＆文化,諾貝爾獎,諾貝爾獎/諾獎
同實異名,教育＆文化,輻合思考/聚斂性思考,輻合思維/聚合思維
同實異名,教育＆文化,聯絡簿,聯繫本
同實異名,教育＆文化,欄位,字段 
同實異名,教育＆文化,聾啞學校/啟聰學校,聾啞學校
同名異實,教育＆文化,大字報,大字報
同名異實,教育＆文化,中學,中學
同名異實,教育＆文化,五育,五育
同名異實,教育＆文化,以人為本,以人爲本
同名異實,教育＆文化,包班制,包班制
同名異實,教育＆文化,剃光頭,剃光頭
同名異實,教育＆文化,家長會,家長會
同名異實,教育＆文化,校安,校安
同名異實,教育＆文化,特招,特招
同名異實,教育＆文化,班主任,班主任
同名異實,教育＆文化,高工,高工
同名異實,教育＆文化,高考,高考
同名異實,教育＆文化,高級中學,高級中學
同名異實,教育＆文化,高級知識分子,高級知識分子
同名異實,教育＆文化,高職,高職
同名異實,教育＆文化,普通教育,普通教育
同名異實,教育＆文化,補習班,補習班
同名異實,教育＆文化,僑生,僑生
臺灣特有,教育＆文化,一綱多本,
臺灣特有,教育＆文化,九年一貫課程,
臺灣特有,教育＆文化,二一/二一退學,
臺灣特有,教育＆文化,二技,
臺灣特有,教育＆文化,二專/二年制專科學校,
臺灣特有,教育＆文化,三明治教學,
臺灣特有,教育＆文化,下修,
臺灣特有,教育＆文化,大專聯考,
臺灣特有,教育＆文化,大學入學考試,
臺灣特有,教育＆文化,大學評鑒,
臺灣特有,教育＆文化,大學聯考,
臺灣特有,教育＆文化,小功,
臺灣特有,教育＆文化,中二病,
臺灣特有,教育＆文化,介聘,
臺灣特有,教育＆文化,分流,
臺灣特有,教育＆文化,文化財,
臺灣特有,教育＆文化,方帽/方帽子,
臺灣特有,教育＆文化,牛稠子文化,
臺灣特有,教育＆文化,牛罵頭文化,
臺灣特有,教育＆文化,牛頭班/放牛班,
臺灣特有,教育＆文化,代用教員,
臺灣特有,教育＆文化,母姊會,
臺灣特有,教育＆文化,母姐會,
臺灣特有,教育＆文化,光碟書,
臺灣特有,教育＆文化,光碟雜誌,
臺灣特有,教育＆文化,吊車尾,
臺灣特有,教育＆文化,同人志,
臺灣特有,教育＆文化,低空,
臺灣特有,教育＆文化,技能檢定,
臺灣特有,教育＆文化,育樂,
臺灣特有,教育＆文化,谷標,
臺灣特有,教育＆文化,典試長,
臺灣特有,教育＆文化,夜間部,
臺灣特有,教育＆文化,空中學校,
臺灣特有,教育＆文化,指考/大學入學指定科目考試,
臺灣特有,教育＆文化,流浪教師,
臺灣特有,教育＆文化,美勞,
臺灣特有,教育＆文化,家商/家事商業職業學校,
臺灣特有,教育＆文化,班聯會,
臺灣特有,教育＆文化,級任制,
臺灣特有,教育＆文化,能力分班,
臺灣特有,教育＆文化,訓導處,
臺灣特有,教育＆文化,迷你小學,
臺灣特有,教育＆文化,配分,
臺灣特有,教育＆文化,高考/高等考試,
臺灣特有,教育＆文化,國中/國民中學,
臺灣特有,教育＆文化,國中小,
臺灣特有,教育＆文化,國中生,
臺灣特有,教育＆文化,國四班,
臺灣特有,教育＆文化,國音字母,
臺灣特有,教育＆文化,國教/國民教育,
臺灣特有,教育＆文化,國語文,
臺灣特有,教育＆文化,推甄/推薦甄選,
臺灣特有,教育＆文化,推廣教育,
臺灣特有,教育＆文化,教界,
臺灣特有,教育＆文化,清寒生,
臺灣特有,教育＆文化,通識科目,
臺灣特有,教育＆文化,陸生,
臺灣特有,教育＆文化,博士候選人,
臺灣特有,教育＆文化,惡性補習,
臺灣特有,教育＆文化,評量,
臺灣特有,教育＆文化,當掉,
臺灣特有,教育＆文化,資優班,
臺灣特有,教育＆文化,僑教,
臺灣特有,教育＆文化,甄試,
臺灣特有,教育＆文化,管訓,
臺灣特有,教育＆文化,精神面,
臺灣特有,教育＆文化,獎助金,
臺灣特有,教育＆文化,課程評鑑,
臺灣特有,教育＆文化,課綱,
臺灣特有,教育＆文化,學用品,
臺灣特有,教育＆文化,學店,
臺灣特有,教育＆文化,學務處/學生事務處,
臺灣特有,教育＆文化,學測/大學學科能力測驗,
臺灣特有,教育＆文化,學群,
臺灣特有,教育＆文化,擋修,
臺灣特有,教育＆文化,親師懇談會,
臺灣特有,教育＆文化,親職教育,
臺灣特有,教育＆文化,懇親會,
臺灣特有,教育＆文化,檢定考試,
臺灣特有,教育＆文化,翹課/蹺課,
大陸特有,教育＆文化,,一免一補
大陸特有,教育＆文化,,一費制
大陸特有,教育＆文化,,入托
大陸特有,教育＆文化,,三下鄉
大陸特有,教育＆文化,,上線
大陸特有,教育＆文化,,大課
大陸特有,教育＆文化,,小教
大陸特有,教育＆文化,,工讀學校
大陸特有,教育＆文化,,廣播電視大學
大陸特有,教育＆文化,,中師
大陸特有,教育＆文化,,中考
大陸特有,教育＆文化,,中專
大陸特有,教育＆文化,,互選
大陸特有,教育＆文化,,公辦教師
大陸特有,教育＆文化,,雙元制
大陸特有,教育＆文化,,雙失
大陸特有,教育＆文化,,雙百方針
大陸特有,教育＆文化,,雙待
大陸特有,教育＆文化,,少年宮
大陸特有,教育＆文化,,開考
大陸特有,教育＆文化,,手勢語
大陸特有,教育＆文化,,文革/文化大革命/無產階級文化大革命
大陸特有,教育＆文化,,文化水平
大陸特有,教育＆文化,,文化臺
大陸特有,教育＆文化,,文化園
大陸特有,教育＆文化,,文化快餐
大陸特有,教育＆文化,,文化宮
大陸特有,教育＆文化,,文化站
大陸特有,教育＆文化,,文憑試
大陸特有,教育＆文化,,毛入學率
大陸特有,教育＆文化,,業大/業餘大學
大陸特有,教育＆文化,,代培
大陸特有,教育＆文化,,刊授
大陸特有,教育＆文化,,臺生
大陸特有,教育＆文化,,司考
大陸特有,教育＆文化,,外展訓練/拓展訓練
大陸特有,教育＆文化,,外語角
大陸特有,教育＆文化,,市長班
大陸特有,教育＆文化,,民辦教師
大陸特有,教育＆文化,,漢語水平考試
大陸特有,教育＆文化,,漢語年
大陸特有,教育＆文化,,電教館/電化教育館
大陸特有,教育＆文化,,優生
大陸特有,教育＆文化,,優育
大陸特有,教育＆文化,,會標/會徽
大陸特有,教育＆文化,,會標
大陸特有,教育＆文化,,動手能力
大陸特有,教育＆文化,,壓題
大陸特有,教育＆文化,,成人高考
大陸特有,教育＆文化,,托幼
大陸特有,教育＆文化,,網校/網絡學校
大陸特有,教育＆文化,,老三屆
大陸特有,教育＆文化,,老年大學
大陸特有,教育＆文化,,考託
大陸特有,教育＆文化,,考學
大陸特有,教育＆文化,,考點
大陸特有,教育＆文化,,考研
大陸特有,教育＆文化,,考博
大陸特有,教育＆文化,,考級
大陸特有,教育＆文化,,自考生
大陸特有,教育＆文化,,自學考試
大陸特有,教育＆文化,,兩個文明
大陸特有,教育＆文化,,體校/體育運動學校
大陸特有,教育＆文化,,技校
大陸特有,教育＆文化,,投檔
大陸特有,教育＆文化,,投檔線
大陸特有,教育＆文化,,後門生/條子生
大陸特有,教育＆文化,,函大/函授大學
大陸特有,教育＆文化,,單考單招/高等職業教育單獨招生考試
大陸特有,教育＆文化,,單科大學
大陸特有,教育＆文化,,臥談會
大陸特有,教育＆文化,,國內字
大陸特有,教育＆文化,,國際詞
大陸特有,教育＆文化,,學生流
大陸特有,教育＆文化,,實考分
大陸特有,教育＆文化,,治愚
大陸特有,教育＆文化,,盲審
大陸特有,教育＆文化,,遠教/遠程教育/遠距離教育
大陸特有,教育＆文化,,青年宮/青年文化宮
大陸特有,教育＆文化,,俄語年
大陸特有,教育＆文化,,復讀
大陸特有,教育＆文化,,客觀題
大陸特有,教育＆文化,,掛科
大陸特有,教育＆文化,,洋插隊
大陸特有,教育＆文化,,派位/電腦派位
大陸特有,教育＆文化,,流失生
大陸特有,教育＆文化,,研網
大陸特有,教育＆文化,,研究生院
大陸特有,教育＆文化,,秋假
大陸特有,教育＆文化,,科協
大陸特有,教育＆文化,,科學發展觀
大陸特有,教育＆文化,,科學學
大陸特有,教育＆文化,,科學城
大陸特有,教育＆文化,,科學院
大陸特有,教育＆文化,,穿靴戴帽
大陸特有,教育＆文化,,統考
大陸特有,教育＆文化,,統讀
大陸特有,教育＆文化,,英才班
大陸特有,教育＆文化,,首創精神
大陸特有,教育＆文化,,借讀
大陸特有,教育＆文化,,差生/差等生
大陸特有,教育＆文化,,校歷
大陸特有,教育＆文化,,校企
大陸特有,教育＆文化,,特長生
大陸特有,教育＆文化,,特級教師
大陸特有,教育＆文化,,窄播
大陸特有,教育＆文化,,素質教育
大陸特有,教育＆文化,,茶歇
大陸特有,教育＆文化,,高師
大陸特有,教育＆文化,,高考移民
大陸特有,教育＆文化,,高自考/高等教育自學考試
大陸特有,教育＆文化,,高知
大陸特有,教育＆文化,,高校/高等學校
大陸特有,教育＆文化,,售文網
大陸特有,教育＆文化,,掐尖子
大陸特有,教育＆文化,,控分線
大陸特有,教育＆文化,,教程
大陸特有,教育＆文化,,第二課堂
大陸特有,教育＆文化,,脫盲
大陸特有,教育＆文化,,通用字表
大陸特有,教育＆文化,,逛燈
大陸特有,教育＆文化,,博導/博士生導師
大陸特有,教育＆文化,,普高/普通高等學校
大陸特有,教育＆文化,,普高/普通高級中學
大陸特有,教育＆文化,,普教
大陸特有,教育＆文化,,溫課
大陸特有,教育＆文化,,集體主義
大陸特有,教育＆文化,,板報/黑板報
大陸特有,教育＆文化,,勤工儉學
大陸特有,教育＆文化,,算草
大陸特有,教育＆文化,,精神文明建設
大陸特有,教育＆文化,,精神污染
大陸特有,教育＆文化,,精神垃圾
大陸特有,教育＆文化,,精神產品
大陸特有,教育＆文化,,裸分
大陸特有,教育＆文化,,酷語
大陸特有,教育＆文化,,翻鬥樂
大陸特有,教育＆文化,,軍民共建
大陸特有,教育＆文化,,軍博會
大陸特有,教育＆文化,,應試教育
大陸特有,教育＆文化,,廢學
大陸特有,教育＆文化,,掃盲
大陸特有,教育＆文化,,小升初
大陸特有,教育＆文化,,擇校生
大陸特有,教育＆文化,,滿堂灌
大陸特有,教育＆文化,,碩導
大陸特有,教育＆文化,,職業大學
大陸特有,教育＆文化,,藍牌
大陸特有,教育＆文化,,規範字
大陸特有,教育＆文化,,讓座日
大陸特有,教育＆文化,,講師團
大陸特有,教育＆文化,,課本劇
大陸特有,教育＆文化,,課題組
大陸特有,教育＆文化,,調研
大陸特有,教育＆文化,,轉校費
大陸特有,教育＆文化,,預考
大陸特有,教育＆文化,,預研
大陸特有,教育＆文化,,特困生 
大陸特有,教育＆文化,,二外
大陸特有,教育＆文化,,代培生
大陸特有,教育＆文化,,博士點
大陸特有,教育＆文化,,反面教員
大陸特有,教育＆文化,,專升本
大陸特有,教育＆文化,,尖子生
大陸特有,教育＆文化,,工農兵學員
大陸特有,教育＆文化,,成考/成人高考
大陸特有,教育＆文化,,教委
大陸特有,教育＆文化,,統招生
大陸特有,教育＆文化,,早早班
大陸特有,教育＆文化,,高復班
大陸特有,教育＆文化,,義教
大陸特有,教育＆文化,,電教/電化教育
大陸特有,教育＆文化,,考風
大陸特有,教育＆文化,,普法
同實異名,自然科學,PM2.5/細懸浮微粒,PM2.5/細顆粒物 /可入肺顆粒物 
同實異名,自然科學,P波/初波/初達波,P波/初波/初至波
同實異名,自然科學,Ｘ光/Ｘ射線/倫琴射線/愛克斯光/愛克斯射線,Ｘ光/Ｘ射線/倫琴射線/愛克斯光/愛克斯射線/Ｘ線
同實異名,自然科學,二次汙染,二次污染/次生污染
同實異名,自然科學,二氧化矽,二氧化硅
同實異名,自然科學,二氧化碳雷射,二氧化碳激光
同實異名,自然科學,二氧化碳雷射儀,二氧化碳激光器
同實異名,自然科學,二硫化物,二硫化物/二硫化合物
同實異名,自然科學,人造皮,人造革
同實異名,自然科學,十億分率/十億分點,十億分率
同實異名,自然科學,三原色,三原色/三基色
同實異名,自然科學,三酸甘油酯/甘油三酸酯,三酸甘油酯/甘油三酸酯/甘油三酯
同實異名,自然科學,凡得瓦力,凡得瓦力/范德瓦耳斯力
同實異名,自然科學,土石流,泥石流 
同實異名,自然科學,大漆/生漆,大漆/生漆/土漆/國漆
同實異名,自然科學,大豪雨,大豪雨/特大暴雨
同實異名,自然科學,小蘇打,小蘇打/食粉
同實異名,自然科學,不斷電系統,不間斷電源
同實異名,自然科學,互感應,互感應/互感
同實異名,自然科學,元素態物質,單質
同實異名,自然科學,公寸,公寸/分米
同實異名,自然科學,公制/國際公制,公制/國際公制/米制
同實異名,自然科學,公撮,市撮
同實異名,自然科學,化學受器,化學受體
同實異名,自然科學,反聖嬰/聖女現象/反聖嬰現象,拉尼娜/拉尼娜現象/反厄爾尼諾現象 
同實異名,自然科學,反衝力/後座力/反撞力/後撞力,反衝力 /後坐力
同實異名,自然科學,反應堆/反應爐/原子爐/核反應堆/核子反應爐/核子反應器,反應堆/反應爐/原子爐/核反應堆/核子反應爐/原子核反應堆
同實異名,自然科學,天然氣/天然瓦斯,天然氣 
同實異名,自然科學,天擇/自然淘汰,天擇/自然淘汰/自然選擇
同實異名,自然科學,太空人/太空飛行員,航天員 /宇航員 
同實異名,自然科學,太空工業,航天工業
同實異名,自然科學,太空技術,太空技術/宇航技術/空間技術/航天技術
同實異名,自然科學,太空科學,空間科學
同實異名,自然科學,太空站,太空站/空間站/航太站/航天站
同實異名,自然科學,太空探測器,太空探測器/宇宙探測器/空間探測器
同實異名,自然科學,太空梭,太空梭/航天飛機
同實異名,自然科學,太空船/宇宙飛船,太空船/宇宙飛船/飛船/太空機
同實異名,自然科學,太空漫步,太空漫步/太空行走
同實異名,自然科學,太陽光電產業,太陽光電產業/光伏產業
同實異名,自然科學,太陽爐,太陽爐/太陽竈
同實異名,自然科學,引子,引物
同實異名,自然科學,引子酶/導引酶,引發酶
同實異名,自然科學,木棉/紅棉,木棉/紅棉/攀枝花
同實異名,自然科學,火星塞,火花塞
同實異名,自然科學,去氧核糖,脫氧核糖
同實異名,自然科學,去氧核糖核酸,脫氧核糖核酸 
同實異名,自然科學,去氧核糖核酸水解酶,脫氧核糖核酸水解酶 
同實異名,自然科學,可可,可可/蔻蔻
同實異名,自然科學,尼龍/尼隆/耐隆,尼龍/錦綸
同實異名,自然科學,平方公里,平方公里/平方千米
同實異名,自然科學,平方米/平方公尺,平方米/平方公尺/平方/平米
同實異名,自然科學,本氏液,本立德溶液
同實異名,自然科學,永夜,極夜
同實異名,自然科學,甘胺酸,甘氨酸/氨基乙酸
同實異名,自然科學,生存競爭,生存競爭/生存鬥爭
同實異名,自然科學,生技/生物科技,生技/生物科技/生物技術
同實異名,自然科學,生物晶片,生物芯片 
同實異名,自然科學,生物節律/生物時鐘/生理時鐘,生物節律/生物鐘
同實異名,自然科學,生物學/生命科學/生科,生物學/生命科學
同實異名,自然科學,生產者/獨立營養生物/自營生物,生產者/獨立營養生物/自養生物
同實異名,自然科學,生態群/生物群集/生物群聚,生態羣
同實異名,自然科學,白礬/明礬,白礬/明礬/明石
同實異名,自然科學,立方米/立方公尺,立方米/立方公尺/立方
同實異名,自然科學,立體聲/身歷聲/立體身歷聲,立體聲 
同實異名,自然科學,光汙染/光害/光害汙染,光污染
同實異名,自然科學,光纖/光纖維/光學纖維,光纖/光纖維/光學纖維/光導纖維
同實異名,自然科學,全距,全距/極差
同實異名,自然科學,共軛複數,共軛複數/複共軛的
同實異名,自然科學,合成石油,合成石油/人造石油 
同實異名,自然科學,吉貝素/激勃素,赤黴素
同實異名,自然科學,吉貝酸/激勃酸,赤黴酸
同實異名,自然科學,向日性/向光性/趨光性,向日性/向光性/趨光性/向旋旋光性
同實異名,自然科學,回力標/迴力鏢/迴旋標/迴旋鏢,回力標/回力鏢/迴旋標/迴旋鏢/自歸器/飛機板/飛去來器
同實異名,自然科學,回潮/返潮/反潮,回潮/返潮
同實異名,自然科學,地陷/地層下陷/地盤下陷,地陷  /地層下陷/地面沉降
同實異名,自然科學,地震等級/地震規模,地震等級/震級/地震震級
同實異名,自然科學,宇宙空間/外太空,宇宙空間/外層空間
同實異名,自然科學,守宮/壁虎,守宮/壁虎/蠍虎/蠍虎子
同實異名,自然科學,次波/剪力波/次達波,次波 /剪力波
同實異名,自然科學,自由下落,自由降落
同實異名,自然科學,伽馬射線,伽馬射線/丙種射線
同實異名,自然科學,冷媒/冷卻劑/致冷劑,冷媒/冷卻劑/致冷劑/雪種/製冷劑
同實異名,自然科學,卵胎生,卵胎生/半胎生
同實異名,自然科學,均值定理,中值定理
同實異名,自然科學,抗氧化劑,抗氧化劑/抗氧劑
同實異名,自然科學,抗藥性,抗藥性/耐藥性
同實異名,自然科學,折光率/屈光率,光焦度
同實異名,自然科學,折射光,折光
同實異名,自然科學,汽油彈/凝固汽油彈,汽油彈/凝固汽油彈/納磅彈
同實異名,自然科學,角平分線/分角線,角平分線
同實異名,自然科學,貝他射線,貝塔射線/乙種射線 
同實異名,自然科學,乳膠,乳膠/膠乳
同實異名,自然科學,亞佛加厥定律,阿伏加德羅定律
同實異名,自然科學,亞佛加厥數,阿伏伽德羅數
同實異名,自然科學,刺竹/苦竹/大勒竹/鬱竹,刺竹/苦竹/大勒竹/雞筋油竹
同實異名,自然科學,受質/底材/基質,受質/底物
同實異名,自然科學,奈米,納米 
同實異名,自然科學,奈米技術,納米技術
同實異名,自然科學,奈米材料,納米材料
同實異名,自然科學,奈米科學,納米科學
同實異名,自然科學,奈米纖維,納米纖維
同實異名,自然科學,定向天擇,定向選擇
同實異名,自然科學,弧度制/弳度制,弧度制
同實異名,自然科學,波以耳定律,玻意耳定律
同實異名,自然科學,矽片,硅片 
同實異名,自然科學,矽谷,硅谷
同實異名,自然科學,矽晶片,硅晶片
同實異名,自然科學,矽酸鹽,硅酸鹽
同實異名,自然科學,矽膠,硅膠 
同實異名,自然科學,矽橡膠,硅橡膠 
同實異名,自然科學,矽鋼,硅鋼
同實異名,自然科學,矽藻,硅藻 
同實異名,自然科學,空氣汙染指標,空氣污染指數 
同實異名,自然科學,空氣品質,空氣質量
同實異名,自然科學,芮氏/芮氏地震規模,里氏/里氏震級
同實異名,自然科學,花崗石/花崗岩,花崗石/花崗岩/麻石
同實異名,自然科學,虎克定律,胡克定律
同實異名,自然科學,表面活性劑/界面活性劑,表面活性劑
同實異名,自然科學,阿爾法射線/阿伐射線,阿爾法射線 /甲種射線
同實異名,自然科學,品脫/派恩脫,品脫
同實異名,自然科學,指數生長/指數增長/指數型成長/指數型族群成長,指數生長/種羣指數生長
同實異名,自然科學,指數增長/指數型成長,指數增長
同實異名,自然科學,施子,施主
同實異名,自然科學,染色分體,染色單體
同實異名,自然科學,氟氯烷,氟利昂
同實異名,自然科學,氟氯碳化物/氟氯碳化合物,氯氟碳化物
同實異名,自然科學,"砈
",砹
同實異名,自然科學,科學記法,科學計數法
同實異名,自然科學,胚層,胚層/胚葉
同實異名,自然科學,重量莫耳濃度,重量摩爾濃度
同實異名,自然科學,風向儀,向風針 
同實異名,自然科學,飛碟/不明飛行物/幽浮,飛碟 /不明飛行物
同實異名,自然科學,原子序,原子序數
同實異名,自然科學,原子價,原子價/化合價
同實異名,自然科學,原生質,原生質/活質
同實異名,自然科學,差集,補集
同實異名,自然科學,核反應/核子反應,核反應 
同實異名,自然科學,核電廠/核能電廠/核能發電廠,核電廠/核能電廠/核能發電廠/核電站
同實異名,自然科學,核糖核酸酵素,核酶
同實異名,自然科學,桃莉羊,多莉羊
同實異名,自然科學,氨水/阿摩尼亞水,氨水
同實異名,自然科學,浬/海里/海浬,浬/海里
同實異名,自然科學,浸塗,塗漬
同實異名,自然科學,純合子/同型合子/同基因型合子,純合子
同實異名,自然科學,胺基酸,氨基酸
同實異名,自然科學,臭氧層,臭氧層/臭氣層
同實異名,自然科學,航太,航天 
同實異名,自然科學,航太人,航天人
同實異名,自然科學,馬蹄蓮/海芋,馬蹄蓮
同實異名,自然科學,高科技,高科技/高技術/高新技術
同實異名,自然科學,參照物,參照物/參考系
同實異名,自然科學,基因剔除,基因敲除
同實異名,自然科學,基因晶片,基因芯片
同實異名,自然科學,基因體,基因組
同實異名,自然科學,基改生物/基因改造生物,遺傳修飾生物體
同實異名,自然科學,液化瓦斯,液化氣 
同實異名,自然科學,球面方程式,球面方程
同實異名,自然科學,異種雜交,異種雜交/串種
同實異名,自然科學,笛摩根法則,德摩根法則
同實異名,自然科學,莫耳,摩/摩爾 
同實異名,自然科學,莫耳質量,摩爾質量
同實異名,自然科學,莫耳體積,摩爾體積
同實異名,自然科學,單株抗體,單克隆抗體
同實異名,自然科學,喹啉/奎林,喹啉
同實異名,自然科學,散逸層/外氣層,散逸層/外逸層/逃逸層/外大氣層
同實異名,自然科學,晶片,芯片
同實異名,自然科學,棲地/棲息地,棲地/棲息地/生境
同實異名,自然科學,殖株/群殖/選殖,克隆
同實異名,自然科學,絕對溫標/熱力學溫標/克氏溫標/凱氏溫標,絕對溫標/熱力學溫標/開氏溫標
同實異名,自然科學,裂解,裂化
同實異名,自然科學,超音速,超音速/超聲速
同實異名,自然科學,超聲波/超音波,超聲波
同實異名,自然科學,黃鼠/鼲鼠/達烏爾黃鼠,黃鼠/鼲鼠/達烏爾黃鼠/地松鼠/蒙古黃鼠/達斡爾黃鼠
同實異名,自然科學,黑土/黑沃土,黑土/暗沃土
同實異名,自然科學,黑鮶/許氏平鮋,黑鮶/許氏平鮋/黑寨/黑石鱸
同實異名,自然科學,塑膠炸彈,塑膠炸彈/塑料炸彈
同實異名,自然科學,概率 /或然率/機率,概率/或然率/機會率/機率  
同實異名,自然科學,稜柱/角柱,棱柱 
同實異名,自然科學,稜錐/稜錐體/角錐/角錐體,棱錐 /棱錐體
同實異名,自然科學,聖嬰/艾尼紐/聖嬰現象,聖嬰/艾尼紐/聖嬰現象/厄爾尼諾/厄爾尼諾現象
同實異名,自然科學,落塵,落塵/降塵
同實異名,自然科學,跳電,跳閘 
同實異名,自然科學,雷射/鐳射/雷射光,雷射/鐳射/雷射光/萊射/萊塞/激光
同實異名,自然科學,雷射器,萊塞/激光器
同實異名,自然科學,雷射導引,激光制導 
同實異名,自然科學,電泳晶片,電泳芯片
同實異名,自然科學,電容/電容器/容電器,電容/電容器
同實異名,自然科學,電荷耦合元件,電荷耦合器件
同實異名,自然科學,電晶體,晶體管 
同實異名,自然科學,電解槽,電解池
同實異名,自然科學,電廠/發電廠,電廠/發電廠/發電站
同實異名,自然科學,電爐,電爐/電竈
同實異名,自然科學,熊貓/貓熊/大貓熊,熊貓/貓熊/大熊貓
同實異名,自然科學,福爾馬林/福馬林,福爾馬林 
同實異名,自然科學,網路,網絡 
同實異名,自然科學,聚合作用,聚合反應
同實異名,自然科學,聚酯纖維,聚酯纖維/滌綸
同實異名,自然科學,臺灣獼猴,臺灣獼猴/臺灣猴
同實異名,自然科學,增溫層/熱氣層,增溫層/熱氣層/暖層/熱層/熱成層
同實異名,自然科學,標準化石/指準化石/指標化石,標準化石/標誌化石
同實異名,自然科學,樣本數,樣本數/樣本量
同實異名,自然科學,樣帶,樣帶/樣條
同實異名,自然科學,蝤蛑/梭子蟹,蝤蛑/梭子蟹/槍蟹
同實異名,自然科學,質數,質數/素數
同實異名,自然科學,震央,震中 
同實異名,自然科學,震度/地震強度,烈度 /地震烈度
同實異名,自然科學,噪音,噪音/噪聲
同實異名,自然科學,噪音汙染,噪音污染/噪聲污染
同實異名,自然科學,燃料裝填週期/核子反應器爐心壽命,換料週期/堆芯壽期
同實異名,自然科學,螢光,熒光
同實異名,自然科學,螢光粉,熒光粉/熒火粉
同實異名,自然科學,螢光棒,熒光棒 
同實異名,自然科學,螢光劑/螢光增白劑,熒光劑 /熒光增白劑/白色染料
同實異名,自然科學,選殖,克隆化
同實異名,自然科學,鍅,鈁 
同實異名,自然科學,優養化,富營養化
同實異名,自然科學,戴奧辛,二（口+惡）英
同實異名,自然科學,燭/燭光,燭/燭光/坎/坎德拉
同實異名,自然科學,環境負載力,環境承載力
同實異名,自然科學,螺旋菌,螺菌 
同實異名,自然科學,邁/英里/哩,邁/英里
同實異名,自然科學,轉移矩陣,轉移矩陣/轉移陣
同實異名,自然科學,轉錄本,轉錄本/轉錄物
同實異名,自然科學,爆炸物/爆裂物,爆炸物
同實異名,自然科學,鏡反射/鏡面反射/鏡像反射,鏡反射/鏡面反射
同實異名,自然科學,類質同形體,類質同形體/同形體
同實異名,自然科學,鯕鰍/飛魚虎/鬼頭刀,鯕鰍
同實異名,自然科學,懸浮微粒,可吸入顆粒物
同實異名,自然科學,耀斑/太陽耀斑/日焰,耀斑/太陽耀斑
同實異名,自然科學,藻華,藻華/水華/藻花
同實異名,自然科學,蠑螈/榮蚖/榮原,蠑螈
同實異名,自然科學,體積百分率,體積百分率/體積百分數
同實異名,自然科學,體積莫耳濃度,體積摩爾濃度
同實異名,自然科學,鉳,錇 
同名異實,自然科學,油品,油品
同名異實,自然科學,洪水位,洪水位
同名異實,自然科學,基盤 ,基盤
同名異實,自然科學,裂解,裂解
同名異實,自然科學,熱電,熱電
同名異實,自然科學,豬草,豬草
臺灣特有,自然科學,二項分配,
臺灣特有,自然科學,中間值定理,
臺灣特有,自然科學,片利共生,
臺灣特有,自然科學,生態池,
臺灣特有,自然科學,地牛翻身,
臺灣特有,自然科學,自然保育,
臺灣特有,自然科學,自然保留區,
臺灣特有,自然科學,西北雨,
臺灣特有,自然科學,乘式,
臺灣特有,自然科學,核爆/核子爆炸,
臺灣特有,自然科學,航太工業,
臺灣特有,自然科學,陸上警報,
臺灣特有,自然科學,落塵,
臺灣特有,自然科學,臺尺,
臺灣特有,自然科學,臺斤,
臺灣特有,自然科學,臺兩,
大陸特有,自然科學,,三廢
大陸特有,自然科學,,井噴
大陸特有,自然科學,,開化/開凍
大陸特有,自然科學,,日化
大陸特有,自然科學,,水電站
大陸特有,自然科學,,水暖
大陸特有,自然科學,,火電站
大陸特有,自然科學,,火情
大陸特有,自然科學,,乏汽
大陸特有,自然科學,,生態文明
大陸特有,自然科學,,生態移民
大陸特有,自然科學,,電站
大陸特有,自然科學,,電噴
大陸特有,自然科學,,白色污染
大陸特有,自然科學,,白災
大陸特有,自然科學,,立窯
大陸特有,自然科學,,長城站/中國南極長城站
大陸特有,自然科學,,亞光
大陸特有,自然科學,,光伏
大陸特有,自然科學,,冰坨
大陸特有,自然科學,,宇航
大陸特有,自然科學,,蟲情
大陸特有,自然科學,,尾氣
大陸特有,自然科學,,沙荒
大陸特有,自然科學,,防凌
大陸特有,自然科學,,製冷
大陸特有,自然科學,,備汛
大陸特有,自然科學,,延長米
大陸特有,自然科學,,總星系
大陸特有,自然科學,,拉限電
大陸特有,自然科學,,油氣流
大陸特有,自然科學,,環志
大陸特有,自然科學,,雨情
大陸特有,自然科學,,復壯
大陸特有,自然科學,,潔能
大陸特有,自然科學,,洋垃圾
大陸特有,自然科學,,桑拿天
大陸特有,自然科學,,神舟
大陸特有,自然科學,,能效
大陸特有,自然科學,,航天器
大陸特有,自然科學,,茬子
大陸特有,自然科學,,草測
大陸特有,自然科學,,追風車
大陸特有,自然科學,,高新
大陸特有,自然科學,,減塑
大陸特有,自然科學,,探測狗
大陸特有,自然科學,,第一生產力
大陸特有,自然科學,,黃標車
大陸特有,自然科學,,硬目標
大陸特有,自然科學,,稀料
大陸特有,自然科學,,超視距
大陸特有,自然科學,,超標天
大陸特有,自然科學,,震情
大陸特有,自然科學,,黴損
大陸特有,自然科學,,傳感器網絡
大陸特有,自然科學,,熱電廠
大陸特有,自然科學,,節能減排
大陸特有,自然科學,,調峯
大陸特有,自然科學,,貧水
大陸特有,自然科學,,軌道站
大陸特有,自然科學,,軟資源
大陸特有,自然科學,,輻照
大陸特有,自然科學,,進尺
大陸特有,自然科學,,膠乳/橡漿
大陸特有,自然科學,,氣氛溫度
大陸特有,自然科學,,科委
同實異名,地理,大地基準點,大地基準點/大地原點
同實異名,地理,火環/環太平洋火圈/環太平洋火山帶,火環/環太平洋火圈/環太平洋火山帶/太平洋火圈/太平洋火山帶
同實異名,地理,布希曼人,布須曼人
同實異名,地理,沙丘,沙丘/沙包
同實異名,地理,東北季風,東北季候風
同實異名,地理,科克斯板塊,科科板塊/科科斯板塊
同實異名,地理,夏令時間/日光節約時間,夏令時間 /經濟時/夏令時/夏時制 /日光節約時
同實異名,地理,格林威治時間,格林尼治時間 
同實異名,地理,海拔/海拔高度/絕對高度,海拔/海拔高度/絕對高度/拔海
同實異名,地理,珠穆朗瑪峰/聖母峰,珠穆朗瑪峯 /珠峯
同實異名,地理,國際換日線,日界線/國際日期變更線
同名異實,地理,離島,離島
臺灣特有,地理,中原標準時間/國家標準時間,
臺灣特有,地理,西北颱,
臺灣特有,地理,海埔新生地,
臺灣特有,地理,落山風,
大陸特有,地理,,北京時間
大陸特有,地理,,石漠化
大陸特有,地理,,地方時
大陸特有,地理,,治沙
大陸特有,地理,,治黃
大陸特有,地理,,高原氣候
大陸特有,地理,,淖爾
大陸特有,地理,,搭界
大陸特有,地理,,標圖
大陸特有,地理,,結合部
大陸特有,地理,,腦包
同實異名,文學＆藝術,介詞/前置詞/介系詞,介詞/前置詞
同實異名,文學＆藝術,文明戲/新劇,文明戲
同實異名,文學＆藝術,比擬/轉化,比擬
同實異名,文學＆藝術,布堆畫/布貼花/布貼畫,布堆畫/布貼花/布貼畫/撥花
同實異名,文學＆藝術,指畫/手指畫/指頭畫,指畫/手指畫/指頭畫/指墨畫
同實異名,文學＆藝術,音詩/詩曲,音詩
同實異名,文學＆藝術,倒敘/逆敘,倒敘/逆敘/倒插筆
同實異名,文學＆藝術,特洛伊木馬/特洛依木馬,特洛伊木馬
同實異名,文學＆藝術,剪紙動畫,剪紙動畫/剪紙片/剪紙影片
同實異名,文學＆藝術,曼陀林/曼陀琳/曼陀鈴/曼德琳,曼陀林/曼陀琳/曼陀鈴/曼德琳/曼德林
同實異名,文學＆藝術,喻依,喻體
同實異名,文學＆藝術,喻體,本體
同實異名,文學＆藝術,報導文學,報告文學
同實異名,文學＆藝術,普普/普普藝術,普普/普普藝術/波普/波普藝術
同實異名,文學＆藝術,詞組/短語/片語,詞組/短語
同實異名,文學＆藝術,圓舞曲/華爾滋,圓舞曲 /華爾茲
同實異名,文學＆藝術,歌仔戲,歌仔戲/薌劇
同實異名,文學＆藝術,網路文學,網絡文學 
同實異名,文學＆藝術,劇目/劇碼,劇目
同實異名,文學＆藝術,觱達,觱達/篳達
同實異名,文學＆藝術,薩克斯/薩克管/薩克斯風,薩克斯/薩克管/薩克斯風/薩克斯管
同實異名,文學＆藝術,藍調,布魯斯
同實異名,文學＆藝術,羅曼史,羅曼史/羅曼司
同實異名,文學＆藝術,饒舌,饒舌/說唱
同名異實,文學＆藝術,喻體,喻體
臺灣特有,文學＆藝術,子弟戲,
臺灣特有,文學＆藝術,生態藝術,
臺灣特有,文學＆藝術,在地作家,
臺灣特有,文學＆藝術,夾注號,
臺灣特有,文學＆藝術,素人畫家,
臺灣特有,文學＆藝術,劇場,
臺灣特有,文學＆藝術,藝文活動,
臺灣特有,文學＆藝術,藝品,
大陸特有,文學＆藝術,,小人書/小人兒書
大陸特有,文學＆藝術,,尺頁
大陸特有,文學＆藝術,,文工團/文藝工作團
大陸特有,文學＆藝術,,寫家
大陸特有,文學＆藝術,,出臺
大陸特有,文學＆藝術,,民樂
大陸特有,文學＆藝術,,全景畫
大陸特有,文學＆藝術,,名劇周
大陸特有,文學＆藝術,,執棒
大陸特有,文學＆藝術,,知音體
大陸特有,文學＆藝術,,表演唱
大陸特有,文學＆藝術,,表演票
大陸特有,文學＆藝術,,青戲節/北京國際青年戲劇節
大陸特有,文學＆藝術,,俏頭
大陸特有,文學＆藝術,,信天游/順天遊
大陸特有,文學＆藝術,,範兒
大陸特有,文學＆藝術,,音配像
大陸特有,文學＆藝術,,笑壇
大陸特有,文學＆藝術,,筆道
大陸特有,文學＆藝術,,唱演
大陸特有,文學＆藝術,,傍角/傍角兒/抓龍尾巴
大陸特有,文學＆藝術,,傍角/傍角兒
大陸特有,文學＆藝術,,舞蹈詩
大陸特有,文學＆藝術,,潛臺詞
大陸特有,文學＆藝術,,翻場
大陸特有,文學＆藝術,,創演
大陸特有,文學＆藝術,,組稿
大陸特有,文學＆藝術,,調演
大陸特有,文學＆藝術,,軟雕塑
大陸特有,文學＆藝術,,戲歌
大陸特有,文學＆藝術,,易色
大陸特有,文學＆藝術,,貼畫
大陸特有,文學＆藝術,,着重號
大陸特有,文學＆藝術,,隔音符號
同實異名,體育運動,二傳手/托球員/舉球員,二傳手/託手
同實異名,體育運動,大火鍋,大蓋帽
同實異名,體育運動,太空漫步機,太空漫步機/太空機
同實異名,體育運動,水上芭蕾,水上芭蕾/花樣游泳
同實異名,體育運動,世大運/世界大學運動會,大運會/世界大學生運動會
同實異名,體育運動,主裁判,主裁判/主裁
同實異名,體育運動,出招,出招/出招兒
同實異名,體育運動,加油棒/啦啦棒,加油棒/啦啦棒/助威棒/球迷棒
同實異名,體育運動,外野手,外野手/外場手
同實異名,體育運動,外圍賽/預選賽/周邊賽,外圍賽 /預選賽 
同實異名,體育運動,乒乓球/乒乓 /桌球,乒乓球
同實異名,體育運動,乒乓球/桌球,乒乓球
同實異名,體育運動,先發投手,先發投手/開局投手
同實異名,體育運動,全壘打/紅不讓,全壘打 /本壘打 
同實異名,體育運動,有氧運動,有氧運動/有氧代謝/帶氧運動
同實異名,體育運動,呼拉圈/胡拉圈,呼拉圈
同實異名,體育運動,帕運/帕運會/帕奧會/殘障奧運會/帕拉林匹克運動會/殘障奧林匹克運動會,殘奧會 /殘疾人奧運會 /殘疾人奧林匹克運動會 
同實異名,體育運動,東道國/地主國,東道國
同實異名,體育運動,直排輪,直排輪/單排輪滑
同實異名,體育運動,花式溜冰,花樣滑冰 
同實異名,體育運動,花式滑水,花樣滑水 
同實異名,體育運動,保齡球,保齡球/地滾球
同實異名,體育運動,風浪板,帆板/滑浪風帆
同實異名,體育運動,俯臥撐/伏地挺身,俯臥撐
同實異名,體育運動,捕手,捕手/接手
同實異名,體育運動,高空彈跳,蹦極/蹦極跳
同實異名,體育運動,國際奧林匹克委員會/國際奧會,國際奧林匹克委員會 /國際奧委會 
同實異名,體育運動,國標舞/標準舞/國際標準舞,國標舞/標準舞/國際標準舞/體育舞蹈/國際標準交誼舞
同實異名,體育運動,捷泳/自由式/自由泳,捷泳/自由式/自由泳/爬泳
同實異名,體育運動,探戈,探戈/糖果舞
同實異名,體育運動,混合式游泳,混合泳
同實異名,體育運動,軟骨功,軟骨功/柔身術
同實異名,體育運動,森巴,森巴/桑巴
同實異名,體育運動,華爾滋,華爾茲
同實異名,體育運動,溜冰場,溜冰場/旱冰場
同實異名,體育運動,滑輪溜冰/輪式溜冰,輪滑
同實異名,體育運動,滑輪鞋,滑輪鞋/旱冰鞋/輪滑鞋
同實異名,體育運動,槌球,門球
同實異名,體育運動,蓋火鍋,蓋火鍋/蓋帽兒
同實異名,體育運動,彈翻床,蹦牀
同實異名,體育運動,撞球,撞球/檯球/桌球
同實異名,體育運動,熱身/暖身,熱身
同實異名,體育運動,翹翹板/蹺蹺板,翹翹板/蹺蹺板/壓板
同實異名,體育運動,韻律操/韻律體操,韻律操/韻律體操/藝術體操
同實異名,體育運動,競速滑冰,速滑/速度滑冰 
同實異名,體育運動,籃圈/籃框,籃圈/籃筐
同名異實,體育運動,大運會,大運會
同名異實,體育運動,剃光頭,剃光頭
同名異實,體育運動,高妹,高妹
同名異實,體育運動,陪跑,陪跑
同名異實,體育運動,蹲牛棚,蹲牛棚
臺灣特有,體育運動,一軍,
臺灣特有,體育運動,二軍,
臺灣特有,體育運動,三冠王,
臺灣特有,體育運動,合氣禪,
臺灣特有,體育運動,自由車,
臺灣特有,體育運動,爭獎賽,
臺灣特有,體育運動,區運,
臺灣特有,體育運動,強投,
臺灣特有,體育運動,敗部復活,
臺灣特有,體育運動,球敘,
臺灣特有,體育運動,超馬,
臺灣特有,體育運動,魔術數字,
大陸特有,體育運動,,力量房
大陸特有,體育運動,,三角賽
大陸特有,體育運動,,廣播操/廣播體操
大陸特有,體育運動,,少林操
大陸特有,體育運動,,主裁
大陸特有,體育運動,,冬運
大陸特有,體育運動,,正賽
大陸特有,體育運動,,田管
大陸特有,體育運動,,奪金點/爭金點/衝金點/搶金點
大陸特有,體育運動,,全冠王
大陸特有,體育運動,,農運會/農民運動會
大陸特有,體育運動,,衝金
大陸特有,體育運動,,衝獎
大陸特有,體育運動,,技巧/技巧運動
大陸特有,體育運動,,國奧
大陸特有,體育運動,,狗刨
大陸特有,體育運動,,舍賓
大陸特有,體育運動,,城運會/城市運動會
大陸特有,體育運動,,殘運會/殘疾人運動會
大陸特有,體育運動,,浪射
大陸特有,體育運動,,特奧日
大陸特有,體育運動,,健將
大陸特有,體育運動,,副選隊
大陸特有,體育運動,,捧杯
大陸特有,體育運動,,夢它舞
大陸特有,體育運動,,球霸
大陸特有,體育運動,,掰腕子
大陸特有,體育運動,,短平快
大陸特有,體育運動,,黑衣法官
大陸特有,體育運動,,零轉會費
大陸特有,體育運動,,撞線
大陸特有,體育運動,,踺子
大陸特有,體育運動,,場均
大陸特有,體育運動,,牽引傘
大陸特有,體育運動,,組合拳
大陸特有,體育運動,,綠茵場
大陸特有,體育運動,,轉會
大陸特有,體育運動,,官哨
大陸特有,體育運動,,染黃
大陸特有,體育運動,,球評
大陸特有,體育運動,,望金坐銀
大陸特有,體育運動,,野泳
同實異名,影視＆娛樂,KTV/卡拉OK,KTV/卡拉OK/歌吧/歌屋
同實異名,影視＆娛樂,二輪片/二輪電影,二輪片/二輪電影/復映片
同實異名,影視＆娛樂,女打仔,女打仔/打女
同實異名,影視＆娛樂,小耳朵,小鍋
同實異名,影視＆娛樂,午夜場,午夜場/零點場
同實異名,影視＆娛樂,太空漫步/月球漫步,太空漫步/月球漫步/太空步
同實異名,影視＆娛樂,卡帶,卡帶/盒帶
同實異名,影視＆娛樂,安可/恩可,安可
同實異名,影視＆娛樂,收錄音機,收錄音機/收錄機
同實異名,影視＆娛樂,行動劇,活報劇
同實異名,影視＆娛樂,走秀,走秀/走臺
同實異名,影視＆娛樂,走音/走調/走調兒,走音/跑調/跑調兒
同實異名,影視＆娛樂,披頭四,披頭士
同實異名,影視＆娛樂,軍教片,軍旅劇 
同實異名,影視＆娛樂,迪士尼,迪士尼/迪斯尼
同實異名,影視＆娛樂,迪斯可,的士高/迪斯科
同實異名,影視＆娛樂,首映典禮,首映典禮/首映式/首映禮
同實異名,影視＆娛樂,家家酒/扮家家酒,過家家
同實異名,影視＆娛樂,配音/伴音,配音/伴音/伴聲
同實異名,影視＆娛樂,高清晰度電視/高解析度電視/高畫質電視,高清晰度電視/高解析度電視/高清電視
同實異名,影視＆娛樂,假唱/對嘴,假唱/咪嘴 /夾口型
同實異名,影視＆娛樂,唱片/唱碟/唱片兒,唱片/唱碟/唱片兒/唱盤
同實異名,影視＆娛樂,唱片行,音像店 
同實異名,影視＆娛樂,票房,票房/片房
同實異名,影視＆娛樂,喝倒彩/喝倒采,喝倒彩/叫倒好兒
同實異名,影視＆娛樂,單元劇,單本劇
同實異名,影視＆娛樂,園遊會,遊園會 
同實異名,影視＆娛樂,搞笑藝人/諧星,搞笑藝人 /笑星
同實異名,影視＆娛樂,話劇/文明戲/新劇,話劇 /文明戲
同實異名,影視＆娛樂,遊樂場/遊樂園,遊樂場/遊樂園/娛樂城
同實異名,影視＆娛樂,雷射唱片,激光唱片
同實異名,影視＆娛樂,雷射唱機,激光唱機 
同實異名,影視＆娛樂,電腦音樂,計算機音樂
同實異名,影視＆娛樂,電影/映畫,電影 
同實異名,影視＆娛樂,電臀舞/搖臀舞,電臀舞 
同實異名,影視＆娛樂,實況錄影,實況錄像
同實異名,影視＆娛樂,演藝人員,演藝人員/演職人員
同實異名,影視＆娛樂,碟片/影碟,碟片/影碟/視盤/視頻光盤/激光視盤
同實異名,影視＆娛樂,網路選美,網絡選美
同實異名,影視＆娛樂,網劇/網路劇,網劇/網絡劇 
同實異名,影視＆娛樂,寬螢幕電視,寬屏幕電視
同實異名,影視＆娛樂,影音,音像/聲像
同實異名,影視＆娛樂,影音製品,音像製品
同實異名,影視＆娛樂,錄影,錄像 
同實異名,影視＆娛樂,錄影帶,錄像帶 
同實異名,影視＆娛樂,錄影機,錄像機 
同實異名,影視＆娛樂,戲路,戲路/戲路子
同實異名,影視＆娛樂,懸疑,懸疑/懸念
同實異名,影視＆娛樂,懸疑劇,懸疑劇/懸念劇
同名異實,影視＆娛樂,大字報,大字報
同名異實,影視＆娛樂,夯歌,夯歌
同名異實,影視＆娛樂,西餐秀,西餐秀
同名異實,影視＆娛樂,跑票,跑票
同名異實,影視＆娛樂,影集,影集
同名異實,影視＆娛樂,聯歡會,聯歡會
臺灣特有,影視＆娛樂,八點檔,
臺灣特有,影視＆娛樂,上片,
臺灣特有,影視＆娛樂,上通告,
臺灣特有,影視＆娛樂,大嫂團,
臺灣特有,影視＆娛樂,工地秀,
臺灣特有,影視＆娛樂,公視/公共電視,
臺灣特有,影視＆娛樂,文康,
臺灣特有,影視＆娛樂,牛肉秀,
臺灣特有,影視＆娛樂,牛肉場,
臺灣特有,影視＆娛樂,打歌,
臺灣特有,影視＆娛樂,本土劇,
臺灣特有,影視＆娛樂,甘草演員,
臺灣特有,影視＆娛樂,同樂會,
臺灣特有,影視＆娛樂,秀約,
臺灣特有,影視＆娛樂,那卡西,
臺灣特有,影視＆娛樂,抽當,
臺灣特有,影視＆娛樂,保護級,
臺灣特有,影視＆娛樂,星海,
臺灣特有,影視＆娛樂,映演,
臺灣特有,影視＆娛樂,限制級,
臺灣特有,影視＆娛樂,茶室,
臺灣特有,影視＆娛樂,國片,
臺灣特有,影視＆娛樂,帶狀節目,
臺灣特有,影視＆娛樂,康樂隊,
臺灣特有,影視＆娛樂,第四臺,
臺灣特有,影視＆娛樂,通告藝人,
臺灣特有,影視＆娛樂,普級/普遍級,
臺灣特有,影視＆娛樂,跑趴,
臺灣特有,影視＆娛樂,開麥拉,
臺灣特有,影視＆娛樂,電視影集,
臺灣特有,影視＆娛樂,製播案,
臺灣特有,影視＆娛樂,輔導級,
臺灣特有,影視＆娛樂,爛梗,
大陸特有,影視＆娛樂,,上座率
大陸特有,影視＆娛樂,,五個一工程
大陸特有,影視＆娛樂,,文娛
大陸特有,影視＆娛樂,,加片
大陸特有,影視＆娛樂,,生活秀
大陸特有,影視＆娛樂,,穴頭
大陸特有,影視＆娛樂,,休閒帶
大陸特有,影視＆娛樂,,會串
大陸特有,影視＆娛樂,,迴歸劇
大陸特有,影視＆娛樂,,回放
大陸特有,影視＆娛樂,,快男
大陸特有,影視＆娛樂,,系列片
大陸特有,影視＆娛樂,,系列劇
大陸特有,影視＆娛樂,,走穴
大陸特有,影視＆娛樂,,實況劇
大陸特有,影視＆娛樂,,巖男郎
大陸特有,影視＆娛樂,,錄像片
大陸特有,影視＆娛樂,,拉拉秀
大陸特有,影視＆娛樂,,青春劇
大陸特有,影視＆娛樂,,室內劇
大陸特有,影視＆娛樂,,赳客
大陸特有,影視＆娛樂,,迪廳/迪吧
大陸特有,影視＆娛樂,,音博會
大陸特有,影視＆娛樂,,音樂電視
大陸特有,影視＆娛樂,,展播
大陸特有,影視＆娛樂,,特型演員
大陸特有,影視＆娛樂,,高保真
大陸特有,影視＆娛樂,,情景劇
大陸特有,影視＆娛樂,,銀屏
大陸特有,影視＆娛樂,,超女
大陸特有,影視＆娛樂,,羣衆演員
大陸特有,影視＆娛樂,,精品劇
大陸特有,影視＆娛樂,,蹦迪
大陸特有,影視＆娛樂,,臨記
大陸特有,影視＆娛樂,,彙映
大陸特有,影視＆娛樂,,熱劇
大陸特有,影視＆娛樂,,現代戲
大陸特有,影視＆娛樂,,籤售
大陸特有,影視＆娛樂,,貼片廣告
大陸特有,影視＆娛樂,,飲歌
大陸特有,影視＆娛樂,,電視系列片
大陸特有,影視＆娛樂,,攝像機
大陸特有,影視＆娛樂,,央視/中央電視臺/中國中央電視臺
大陸特有,影視＆娛樂,,投拍
大陸特有,影視＆娛樂,,通宵電影
同實異名,觀光旅遊,自由行,自由行/個人遊
同實異名,觀光旅遊,自助旅行/自助旅遊,自助旅行/自助旅遊/自助遊
同實異名,觀光旅遊,背包客,揹包客/背囊客
同實異名,觀光旅遊,旅遊事業/觀光事業,旅遊事業
同實異名,觀光旅遊,旅遊業,旅遊業/旅業
同實異名,觀光旅遊,單眼相機,單眼相機/單反相機
同實異名,觀光旅遊,無煙工業/無煙囪工業,無煙工業
同實異名,觀光旅遊,遊客資訊中心,遊客信息中心 
同實異名,觀光旅遊,遊覽車,旅遊車
同實異名,觀光旅遊,露營車/露營休閒車,房車
同實異名,觀光旅遊,觀光局/觀光旅遊局,旅遊局
臺灣特有,觀光旅遊,水火同源,
臺灣特有,觀光旅遊,代客泊車,
臺灣特有,觀光旅遊,民宿,
臺灣特有,觀光旅遊,陸客,
臺灣特有,觀光旅遊,陸客團,
臺灣特有,觀光旅遊,華導,
臺灣特有,觀光旅遊,新七奇,
臺灣特有,觀光旅遊,跳機,
臺灣特有,觀光旅遊,觀光工廠,
大陸特有,觀光旅遊,,五水共導
大陸特有,觀光旅遊,,車模展
大陸特有,觀光旅遊,,風情街
大陸特有,觀光旅遊,,風貌區
大陸特有,觀光旅遊,,包間
大陸特有,觀光旅遊,,包房
大陸特有,觀光旅遊,,叫早/叫牀
大陸特有,觀光旅遊,,全陪
大陸特有,觀光旅遊,,鄉村遊/農家遊
大陸特有,觀光旅遊,,地接社
大陸特有,觀光旅遊,,地陪/地接
大陸特有,觀光旅遊,,行包
大陸特有,觀光旅遊,,汽車遊
大陸特有,觀光旅遊,,品質遊
大陸特有,觀光旅遊,,鐘點房
大陸特有,觀光旅遊,,接櫃
大陸特有,觀光旅遊,,陶吧
大陸特有,觀光旅遊,,遊車河
大陸特有,觀光旅遊,,遊步道
大陸特有,觀光旅遊,,窗口單位
大陸特有,觀光旅遊,,精品遊
大陸特有,觀光旅遊,,腐敗遊
大陸特有,觀光旅遊,,紅色旅遊
大陸特有,觀光旅遊,,錯時遊
大陸特有,觀光旅遊,,驢友
大陸特有,觀光旅遊,,踏足
同實異名,博弈,打麻將/搓麻將,打麻將/搓麻將/搓麻
同實異名,博弈,西洋棋,國際象棋 
同實異名,博弈,投注站,投注站/彩點
同實異名,博弈,開獎機,開獎機/頂球機
同實異名,博弈,零和遊戲,零和遊戲/零和博弈
臺灣特有,博弈,大家樂,
臺灣特有,博弈,全餐,
臺灣特有,博弈,乾泳,
臺灣特有,博弈,運彩/運動彩券,
臺灣特有,博弈,槓龜,
臺灣特有,博弈,網路六合彩,
大陸特有,博弈,,馬彩
大陸特有,博弈,,體彩/體育彩票
大陸特有,博弈,,吹波機/吹球機
大陸特有,博弈,,足彩/足球彩票
大陸特有,博弈,,博彩
大陸特有,博弈,,搖號
大陸特有,博弈,,落汗
大陸特有,博弈,,福彩/福利彩票
大陸特有,博弈,,碼長城
大陸特有,博弈,,籃彩
大陸特有,博弈,,貼時貼分
大陸特有,博弈,,昏招
大陸特有,博弈,,落碼
同實異名,政治＆法律,大英國協/不列顛國協,英聯邦
同實異名,政治＆法律,公共危險罪,危害公共安全罪
同實異名,政治＆法律,少年矯正學校,少年管教所
同實異名,政治＆法律,日照權,陽光權
同實異名,政治＆法律,正犯,正犯/實行犯
同實異名,政治＆法律,先進國家/開發國家/已開發國家,先進國家/發達國家
同實異名,政治＆法律,共犯,共犯/同案犯
同實異名,政治＆法律,刑事偵查,刑事偵查/刑偵
同實異名,政治＆法律,自訴,自訴/私訴
同實異名,政治＆法律,告訴乃論,告訴乃論/告訴才處理
同實異名,政治＆法律,典獄長,監獄長
同實異名,政治＆法律,拘提,拘傳
同實異名,政治＆法律,東協/東南亞國家協會,東盟/東南亞國家聯盟
同實異名,政治＆法律,法律援助,法律援助/法援
同實異名,政治＆法律,政治庇護,政治庇護/政治避難
同實異名,政治＆法律,看守所,看守所/收容所
同實異名,政治＆法律,峰會/高峰會/高峰會議,峯會/高峯會/高峯會議/首腦會議
同實異名,政治＆法律,海盜,海盜/海匪
同實異名,政治＆法律,假執行,假執行/先予執行
同實異名,政治＆法律,假處分,訴訟保全/財產保全
同實異名,政治＆法律,國民外交,民間外交 
同實異名,政治＆法律,國家賠償/國賠,國家賠償
同實異名,政治＆法律,執達員,執達員/執達吏
同實異名,政治＆法律,第四權,第四權/第四權力
同實異名,政治＆法律,智慧財產權,知識產權 
同實異名,政治＆法律,最高法院,最高人民法院
同實異名,政治＆法律,訴願,訴願/行政複議
同實異名,政治＆法律,開發中國家,發展中國家/欠發達國家
同實異名,政治＆法律,傳訊/傳喚,傳訊/傳喚/傳審
同實異名,政治＆法律,電腦犯罪,電腦犯罪/計算機犯罪
同實異名,政治＆法律,慣盜/慣賊/慣竊,慣盜/慣賊/慣竊/慣偷
同實異名,政治＆法律,網路犯罪 ,網絡犯罪 
同實異名,政治＆法律,罰鍰,罰款 
同實異名,政治＆法律,裸照案/豔照案/不雅照案,裸照案/豔照案/不雅照案/豔照門
同實異名,政治＆法律,踩點,踩點/踩道
同實異名,政治＆法律,輪姦/輪暴,輪姦
同實異名,政治＆法律,獨立國協,獨聯體
同實異名,政治＆法律,鎮暴警察,防暴警察
同實異名,政治＆法律,警員/員警,警員
同實異名,政治＆法律,警察局/警局,警察局 /公安局 
同實異名,政治＆法律,聽證會/公聽會,聽證會
同實異名,政治＆法律,竊盜案,盜竊案 
同實異名,政治＆法律,鑽漏洞,鑽空子
同名異實,政治＆法律,上訴,上訴
同名異實,政治＆法律,下半旗/降半旗,下半旗/降半旗
同名異實,政治＆法律,小兩會,小兩會
同名異實,政治＆法律,分管,分管
同名異實,政治＆法律,市鎮,市鎮
同名異實,政治＆法律,民主人士,民主人士
同名異實,政治＆法律,民主革命,民主革命
同名異實,政治＆法律,民事責任,民事責任
同名異實,政治＆法律,身分權,身份權
同名異實,政治＆法律,政工,政工
同名異實,政治＆法律,政審,政審
同名異實,政治＆法律,跑票,跑票
同名異實,政治＆法律,群眾路線,羣衆路線
同名異實,政治＆法律,監理所,監理所
同名異實,政治＆法律,駐外使節,駐外使節
同名異實,政治＆法律,臨檢,臨檢
同名異實,政治＆法律,藍軍,藍軍
同名異實,政治＆法律,蹲牛棚,蹲牛棚
同名異實,政治＆法律,繼承法,繼承法
同名異實,政治＆法律,黨工,黨工
臺灣特有,政治＆法律,中間選民,
臺灣特有,政治＆法律,互選,
臺灣特有,政治＆法律,內亂罪,
臺灣特有,政治＆法律,公地放領,
臺灣特有,政治＆法律,公部門/公共部門,
臺灣特有,政治＆法律,公證結婚,
臺灣特有,政治＆法律,切結,
臺灣特有,政治＆法律,切結書,
臺灣特有,政治＆法律,少年感化院,
臺灣特有,政治＆法律,少年輔育院,
臺灣特有,政治＆法律,少年觀護所,
臺灣特有,政治＆法律,日據時代,
臺灣特有,政治＆法律,主計處,
臺灣特有,政治＆法律,冬防,
臺灣特有,政治＆法律,失風,
臺灣特有,政治＆法律,市公所,
臺灣特有,政治＆法律,民代/民意代表,
臺灣特有,政治＆法律,犯行,
臺灣特有,政治＆法律,立委/立法委員,
臺灣特有,政治＆法律,交保候傳,
臺灣特有,政治＆法律,共識制,
臺灣特有,政治＆法律,地檢署/地方法院檢察署,
臺灣特有,政治＆法律,存證信函,
臺灣特有,政治＆法律,收容人,
臺灣特有,政治＆法律,行政立法/委任立法,
臺灣特有,政治＆法律,助選,
臺灣特有,政治＆法律,助講,
臺灣特有,政治＆法律,巡佐,
臺灣特有,政治＆法律,戒護,
臺灣特有,政治＆法律,抗告,
臺灣特有,政治＆法律,更生人,
臺灣特有,政治＆法律,更生保護,
臺灣特有,政治＆法律,更生教育,
臺灣特有,政治＆法律,走路工,
臺灣特有,政治＆法律,併科,
臺灣特有,政治＆法律,具保,
臺灣特有,政治＆法律,固票,
臺灣特有,政治＆法律,官等,
臺灣特有,政治＆法律,治平專案,
臺灣特有,政治＆法律,泛綠,
臺灣特有,政治＆法律,泛藍,
臺灣特有,政治＆法律,金光黨,
臺灣特有,政治＆法律,非行少年,
臺灣特有,政治＆法律,非常上訴,
臺灣特有,政治＆法律,亮票,
同名異實,政治＆法律,保安大隊,
臺灣特有,政治＆法律,保警/保安員警,
臺灣特有,政治＆法律,保護令/民事保護令,
臺灣特有,政治＆法律,拜票,
臺灣特有,政治＆法律,按鈴申告,
臺灣特有,政治＆法律,政務官,
臺灣特有,政治＆法律,春安工作,
臺灣特有,政治＆法律,派令/人事派令,
臺灣特有,政治＆法律,凍省/精省/廢省,
臺灣特有,政治＆法律,凍蒜,
臺灣特有,政治＆法律,恐龍法官,
臺灣特有,政治＆法律,書記官,
臺灣特有,政治＆法律,書記官長,
臺灣特有,政治＆法律,海基會,
臺灣特有,政治＆法律,特任,
臺灣特有,政治＆法律,特別行政區,
臺灣特有,政治＆法律,荐任/薦任,
臺灣特有,政治＆法律,送辦,
臺灣特有,政治＆法律,配票,
臺灣特有,政治＆法律,配票單,
臺灣特有,政治＆法律,假投票,
臺灣特有,政治＆法律,假決議,
臺灣特有,政治＆法律,做票,
臺灣特有,政治＆法律,偵防,
臺灣特有,政治＆法律,圈投,
臺灣特有,政治＆法律,圈選,
臺灣特有,政治＆法律,基本盤,
臺灣特有,政治＆法律,情治,
臺灣特有,政治＆法律,教誨師,
臺灣特有,政治＆法律,棄保效應,
臺灣特有,政治＆法律,票倉,
臺灣特有,政治＆法律,票源,
臺灣特有,政治＆法律,販安毒,
臺灣特有,政治＆法律,勞基法/勞動基準法,
臺灣特有,政治＆法律,掣據,
臺灣特有,政治＆法律,換軌,
臺灣特有,政治＆法律,港警,
臺灣特有,政治＆法律,無黨籍,
臺灣特有,政治＆法律,虛級化,
臺灣特有,政治＆法律,買票,
臺灣特有,政治＆法律,飭回,
臺灣特有,政治＆法律,搜索票,
臺灣特有,政治＆法律,搶嫌,
臺灣特有,政治＆法律,綁樁,
臺灣特有,政治＆法律,義警/義勇警察,
臺灣特有,政治＆法律,落後國家/未開發國家,
臺灣特有,政治＆法律,對造,
臺灣特有,政治＆法律,管收,
臺灣特有,政治＆法律,綠軍,
臺灣特有,政治＆法律,綠營,
臺灣特有,政治＆法律,輔選,
臺灣特有,政治＆法律,領務組,
臺灣特有,政治＆法律,複決,
臺灣特有,政治＆法律,複決權,
臺灣特有,政治＆法律,論告,
臺灣特有,政治＆法律,質詢秀,
臺灣特有,政治＆法律,褫奪公權,
臺灣特有,政治＆法律,選務,
臺灣特有,政治＆法律,選情,
臺灣特有,政治＆法律,選罷法,
臺灣特有,政治＆法律,選戰,
臺灣特有,政治＆法律,選舉秀,
臺灣特有,政治＆法律,選舉蟑螂,
臺灣特有,政治＆法律,檢調,
臺灣特有,政治＆法律,聲押,
臺灣特有,政治＆法律,謝票,
臺灣特有,政治＆法律,藍營,
臺灣特有,政治＆法律,闖空門,
臺灣特有,政治＆法律,藥頭,
臺灣特有,政治＆法律,黨鞭,
臺灣特有,政治＆法律,鐵票,
臺灣特有,政治＆法律,鐵票區,
臺灣特有,政治＆法律,竊嫌,
臺灣特有,政治＆法律,觀選,
臺灣特有,政治＆法律,觀護人,
大陸特有,政治＆法律,,一票式
大陸特有,政治＆法律,,一窗式
大陸特有,政治＆法律,,二進宮
大陸特有,政治＆法律,,人民法院
大陸特有,政治＆法律,,人民政府
大陸特有,政治＆法律,,民警/人民警察
大陸特有,政治＆法律,,兒童團
大陸特有,政治＆法律,,入常
大陸特有,政治＆法律,,三個代表
大陸特有,政治＆法律,,三違一堵
大陸特有,政治＆法律,,上層建築
大陸特有,政治＆法律,,上線
大陸特有,政治＆法律,,上訪
大陸特有,政治＆法律,,下訪
大陸特有,政治＆法律,,土政策
大陸特有,政治＆法律,,大蓋帽
大陸特有,政治＆法律,,工作訪問
大陸特有,政治＆法律,,幹警
大陸特有,政治＆法律,,飛地
大陸特有,政治＆法律,,不管部長
大陸特有,政治＆法律,,公安
大陸特有,政治＆法律,,公權
大陸特有,政治＆法律,,公權私用
大陸特有,政治＆法律,,公檢法
大陸特有,政治＆法律,,雙普選
大陸特有,政治＆法律,,雙規
大陸特有,政治＆法律,,反扒
大陸特有,政治＆法律,,反革命
大陸特有,政治＆法律,,水法
大陸特有,政治＆法律,,水炮車
大陸特有,政治＆法律,,片兒警
大陸特有,政治＆法律,,車匪路霸
大陸特有,政治＆法律,,出臺
大陸特有,政治＆法律,,出警
大陸特有,政治＆法律,,務虛
大陸特有,政治＆法律,,務實
大陸特有,政治＆法律,,去行政化
大陸特有,政治＆法律,,發現權
大陸特有,政治＆法律,,外辦
大陸特有,政治＆法律,,打私
大陸特有,政治＆法律,,打拐
大陸特有,政治＆法律,,打假
大陸特有,政治＆法律,,民主黨派
大陸特有,政治＆法律,,集中制/民主集中制
大陸特有,政治＆法律,,民族區域自治
大陸特有,政治＆法律,,民轉刑
大陸特有,政治＆法律,,白區
大陸特有,政治＆法律,,長官意志
大陸特有,政治＆法律,,企業法人
大陸特有,政治＆法律,,夥犯
大陸特有,政治＆法律,,共青團/中國共產主義青年團
大陸特有,政治＆法律,,刑拘/刑事拘留
大陸特有,政治＆法律,,團伙
大陸特有,政治＆法律,,地級市
大陸特有,政治＆法律,,收支兩條線
大陸特有,政治＆法律,,死緩
大陸特有,政治＆法律,,灰色消費
大陸特有,政治＆法律,,網警/網絡警察
大陸特有,政治＆法律,,自主知識產權/自有知識產權
大陸特有,政治＆法律,,自治區
大陸特有,政治＆法律,,自治州
大陸特有,政治＆法律,,自治縣
大陸特有,政治＆法律,,行署/行政公署
大陸特有,政治＆法律,,行政拘留
大陸特有,政治＆法律,,串案
大陸特有,政治＆法律,,劫道
大陸特有,政治＆法律,,勞動法
大陸特有,政治＆法律,,勞改/勞動改造
大陸特有,政治＆法律,,勞教/勞動教養
大陸特有,政治＆法律,,告地狀
大陸特有,政治＆法律,,告破
大陸特有,政治＆法律,,崗卡
大陸特有,政治＆法律,,抄老窩
大陸特有,政治＆法律,,抗訴
大陸特有,政治＆法律,,改好率
大陸特有,政治＆法律,,改革開放
大陸特有,政治＆法律,,防特
大陸特有,政治＆法律,,淨身出戶
大陸特有,政治＆法律,,單位犯罪
大陸特有,政治＆法律,,單極
大陸特有,政治＆法律,,取保候審
大陸特有,政治＆法律,,國資行
大陸特有,政治＆法律,,官倒
大陸特有,政治＆法律,,性賠償
大陸特有,政治＆法律,,總參/總參謀部
大陸特有,政治＆法律,,總路線
大陸特有,政治＆法律,,治保
大陸特有,政治＆法律,,治假
大陸特有,政治＆法律,,治爆緝槍
大陸特有,政治＆法律,,經偵
大陸特有,政治＆法律,,表決稿
大陸特有,政治＆法律,,保安線
大陸特有,政治＆法律,,保廉
大陸特有,政治＆法律,,信訪
大陸特有,政治＆法律,,城管
大陸特有,政治＆法律,,掛黃牌
大陸特有,政治＆法律,,指導性計劃
大陸特有,政治＆法律,,政府行爲
大陸特有,政治＆法律,,毒案
大陸特有,政治＆法律,,流竄犯
大陸特有,政治＆法律,,省區
大陸特有,政治＆法律,,省級
大陸特有,政治＆法律,,專區
大陸特有,政治＆法律,,揹包黨
大陸特有,政治＆法律,,述廉
大陸特有,政治＆法律,,郊縣
大陸特有,政治＆法律,,重複訪
大陸特有,政治＆法律,,首問制
大陸特有,政治＆法律,,乘警
大陸特有,政治＆法律,,黨八股
大陸特有,政治＆法律,,黨票
大陸特有,政治＆法律,,息訴
大陸特有,政治＆法律,,海峽西岸
大陸特有,政治＆法律,,涉黑團伙
大陸特有,政治＆法律,,特警/特種警察
大陸特有,政治＆法律,,特首
大陸特有,政治＆法律,,選民證
大陸特有,政治＆法律,,排污權
大陸特有,政治＆法律,,排摸/摸排
大陸特有,政治＆法律,,接警
大陸特有,政治＆法律,,接訪
大陸特有,政治＆法律,,總書記/第一書記
大陸特有,政治＆法律,,部委
大陸特有,政治＆法律,,部標
大陸特有,政治＆法律,,菜籃子工程
大陸特有,政治＆法律,,跑官
大陸特有,政治＆法律,,跑面
大陸特有,政治＆法律,,集鎮
大陸特有,政治＆法律,,黑戶
大陸特有,政治＆法律,,黑色收入
大陸特有,政治＆法律,,黑磚場/黑磚窯
大陸特有,政治＆法律,,黑窩
大陸特有,政治＆法律,,黑線
大陸特有,政治＆法律,,塞腰包
大陸特有,政治＆法律,,搜查證
大陸特有,政治＆法律,,新區
大陸特有,政治＆法律,,禁液令
大陸特有,政治＆法律,,禁塑
大陸特有,政治＆法律,,羣言堂
大陸特有,政治＆法律,,羣訪
大陸特有,政治＆法律,,逼供信
大陸特有,政治＆法律,,隔離審查
大陸特有,政治＆法律,,零口供
大陸特有,政治＆法律,,管卡壓
大陸特有,政治＆法律,,管教所
大陸特有,政治＆法律,,踩窩子
大陸特有,政治＆法律,,醉駕
大陸特有,政治＆法律,,蹲守
大陸特有,政治＆法律,,蹲坑
大陸特有,政治＆法律,,蹲點
大陸特有,政治＆法律,,警司
大陸特有,政治＆法律,,警種
大陸特有,政治＆法律,,警監
大陸特有,政治＆法律,,警銜
大陸特有,政治＆法律,,書記員
大陸特有,政治＆法律,,傾斜政策
大陸特有,政治＆法律,,縣級市
大陸特有,政治＆法律,,婦聯/婦女聯合會
大陸特有,政治＆法律,,掃黃打非
大陸特有,政治＆法律,,換屆
大陸特有,政治＆法律,,檢控
大陸特有,政治＆法律,,檢察院/人民檢察院
大陸特有,政治＆法律,,現案
大陸特有,政治＆法律,,監外執行
大陸特有,政治＆法律,,監督崗
大陸特有,政治＆法律,,簡政放權
大陸特有,政治＆法律,,紅區/蘇區
大陸特有,政治＆法律,,紅頭文件
大陸特有,政治＆法律,,紅歌/紅色歌曲
大陸特有,政治＆法律,,紀委
大陸特有,政治＆法律,,組織上
大陸特有,政治＆法律,,組織生活
大陸特有,政治＆法律,,組織關係
大陸特有,政治＆法律,,組織性
大陸特有,政治＆法律,,絕賣
大陸特有,政治＆法律,,綜合治理
大陸特有,政治＆法律,,罰沒
大陸特有,政治＆法律,,罰沒款
大陸特有,政治＆法律,,肅反
大陸特有,政治＆法律,,肅毒戰
大陸特有,政治＆法律,,計劃單列市
大陸特有,政治＆法律,,認崗定責/領崗定責
大陸特有,政治＆法律,,講師團
大陸特有,政治＆法律,,評幹
大陸特有,政治＆法律,,負案
大陸特有,政治＆法律,,轉幹
大陸特有,政治＆法律,,轉關係
大陸特有,政治＆法律,,釘子崗
大陸特有,政治＆法律,,釣魚執法
大陸特有,政治＆法律,,領導班子
大陸特有,政治＆法律,,騎劫
大陸特有,政治＆法律,,騙匯
大陸特有,政治＆法律,,少管所/少年犯管教所
大陸特有,政治＆法律,,工讀學校
大陸特有,政治＆法律,,人大代表
大陸特有,政治＆法律,,兩會
大陸特有,政治＆法律,,八六三計劃
大陸特有,政治＆法律,,剝奪政治權利
大陸特有,政治＆法律,,四套班子
大陸特有,政治＆法律,,國務委員
大陸特有,政治＆法律,,大案要案
大陸特有,政治＆法律,,打扒
大陸特有,政治＆法律,,控罪
大陸特有,政治＆法律,,政治面目/政治面貌
大陸特有,政治＆法律,,政務公開
大陸特有,政治＆法律,,粉友
大陸特有,政治＆法律,,經警
大陸特有,政治＆法律,,查堵
大陸特有,政治＆法律,,党支書
大陸特有,政治＆法律,,高級幹部
大陸特有,政治＆法律,,黨校
大陸特有,政治＆法律,,間諜門
大陸特有,政治＆法律,,製假分子
大陸特有,政治＆法律,,造假分子
大陸特有,政治＆法律,,和平共處五項原則
大陸特有,政治＆法律,,突審
大陸特有,政治＆法律,,海協會
大陸特有,政治＆法律,,銀政
大陸特有,政治＆法律,,硬槓槓
大陸特有,政治＆法律,,端老窩
大陸特有,政治＆法律,,管片
大陸特有,政治＆法律,,戴官帽子
大陸特有,政治＆法律,,非企業法人
同實異名,國防軍事,士官長,軍士長
同實異名,國防軍事,巡航飛彈/巡弋飛彈,巡航飛彈 
同實異名,國防軍事,來復槍/來福槍,來複槍
同實異名,國防軍事,洲際導彈/洲際飛彈,洲際導彈 
同實異名,國防軍事,核子試爆,核試驗
同實異名,國防軍事,核子戰爭,核戰爭
同實異名,國防軍事,核潛艇/核子潛艇,核潛艇 
同實異名,國防軍事,閃電戰,閃電戰/閃擊戰
同實異名,國防軍事,高科技戰爭,高科技戰爭/高技術戰爭
同實異名,國防軍事,補給船/補給艦/運補船,補給船/補給艦/運補船/供應艦
同實異名,國防軍事,資訊戰,信息戰
同實異名,國防軍事,雷射武器,激光武器 
同實異名,國防軍事,旗艦,旗艦/指揮艦
同實異名,國防軍事,遠程巡航導彈/長程巡弋飛彈,遠程巡航導彈
同實異名,國防軍事,彈道飛彈,彈道導彈/彈道式導彈
同實異名,國防軍事,震撼彈,震撼彈/閃爆彈/盲聾彈/暈眩彈/眩暈彈/震爆彈/爆震彈
同實異名,國防軍事,導彈/導向飛彈,導彈
同實異名,國防軍事,戰鬥機/驅逐機,戰鬥機/驅逐機/殲擊機
同實異名,國防軍事,燒夷彈/燃燒彈,燒夷彈/燃燒彈/縱火彈
同實異名,國防軍事,護衛艦/護航艦,護衛艦 
同名異實,國防軍事,政工,政工
同名異實,國防軍事,登陸艦,登陸艦
同名異實,國防軍事,衛戍區,衛戍區
同名異實,國防軍事,藍軍,藍軍
同名異實,國防軍事,體位,體位
臺灣特有,國防軍事,兵工,
臺灣特有,國防軍事,役男,
臺灣特有,國防軍事,役期,
臺灣特有,國防軍事,站衛兵,
臺灣特有,國防軍事,退除役,
臺灣特有,國防軍事,國防體育,
臺灣特有,國防軍事,替代役,
臺灣特有,國防軍事,替代役男,
臺灣特有,國防軍事,灘頭堡,
大陸特有,國防軍事,,人防/人民防空
大陸特有,國防軍事,,方面軍
大陸特有,國防軍事,,水面艦
大陸特有,國防軍事,,司令員
大陸特有,國防軍事,,司務長
大陸特有,國防軍事,,列兵
大陸特有,國防軍事,,扛槍桿
大陸特有,國防軍事,,兵油子
大陸特有,國防軍事,,別動隊
大陸特有,國防軍事,,制天權
大陸特有,國防軍事,,武警/武裝警察/武警部隊
大陸特有,國防軍事,,盲導彈
大陸特有,國防軍事,,政委/政治委員
大陸特有,國防軍事,,指導員/政治指導員
大陸特有,國防軍事,,教導員/政治教導員
大陸特有,國防軍事,,榮譽軍人
大陸特有,國防軍事,,鋼槍
大陸特有,國防軍事,,核爭執
大陸特有,國防軍事,,核兩用品
大陸特有,國防軍事,,鐵道兵
大陸特有,國防軍事,,解放軍/中國人民解放軍
大陸特有,國防軍事,,軍分區
大陸特有,國防軍事,,軍體/軍事體育
大陸特有,國防軍事,,軍委
大陸特有,國防軍事,,軍管會
大陸特有,國防軍事,,軍樂團
大陸特有,國防軍事,,小米加步槍
大陸特有,國防軍事,,誘彈/誘餌炸彈
大陸特有,國防軍事,,預備隊
大陸特有,國防軍事,,地下核試驗
大陸特有,國防軍事,,兩彈一星
大陸特有,國防軍事,,休整
大陸特有,國防軍事,,兵痞
大陸特有,國防軍事,,鐵流
同實異名,經貿商務,內線交易,內幕交易
同實異名,經貿商務,生產工具,生產工具/勞動工具
同實異名,經貿商務,石油輸出國組織/石油輸出國家組織/油國組織,石油輸出國組織/石油輸出國家組織/歐佩克
同實異名,經貿商務,仲介,中介
同實異名,經貿商務,仲介費,中介費
同實異名,經貿商務,投報率/投資報酬率,投報率/投資回報率
同實異名,經貿商務,決標,決標/定標
同實異名,經貿商務,底價/底標,底價/標底 
同實異名,經貿商務,店面/鋪面房,店面/鋪面房/門面房
同實異名,經貿商務,房市,房市/樓市
同實異名,經貿商務,拍賣,拍賣/甩賣
同實異名,經貿商務,東協自由貿易協定,東盟自由貿易協議
同實異名,經貿商務,東協自由貿易區,東盟自由貿易區
同實異名,經貿商務,空殼公司/空頭公司,空殼公司/皮包公司
同實異名,經貿商務,保本,保本/保底
同實異名,經貿商務,保證價格,保護價
同實異名,經貿商務,品質管制/品管,品質管制/質管
同實異名,經貿商務,品檢,質檢 
同實異名,經貿商務,負成長,負增長
同實異名,經貿商務,拿回扣,拿回扣/吃回扣
同實異名,經貿商務,消費者物價指數,消費者物價指數/消費者價格指數/居民消費價格指數
同實異名,經貿商務,缺貨,缺貨/脫銷
同實異名,經貿商務,國民生產毛額,國民生產毛額/國民生產總值
同實異名,經貿商務,國民所得,國民收入
同實異名,經貿商務,貧窮線,貧困線 
同實異名,經貿商務,通貨膨脹/通膨,通貨膨脹/通脹
同實異名,經貿商務,勞力密集型,勞動密集型
同實異名,經貿商務,電子商務,電子商務/電商
同實異名,經貿商務,嘜,嘜/嘜頭/嚜頭
同實異名,經貿商務,暢銷,暢銷/旺銷
同實異名,經貿商務,網拍/網路拍賣,網拍/網絡拍賣
同實異名,經貿商務,網路行銷,網絡營銷
同實異名,經貿商務,網路書店,網上書店 
同實異名,經貿商務,網路經濟,網絡經濟 
同實異名,經貿商務,營運,營運/運營
同實異名,經貿商務,營運長/首席營運長,運營官 /首席運營官 
同實異名,經貿商務,櫃檯,櫃檯/前臺
同名異實,經貿商務,生產力,生產力
同名異實,經貿商務,自由市場,自由市場
同名異實,經貿商務,國企,國企
同名異實,經貿商務,排富,排富
臺灣特有,經貿商務,公股,
臺灣特有,經貿商務,多角化,
臺灣特有,經貿商務,客制化,
臺灣特有,經貿商務,度小月,
臺灣特有,經貿商務,科學園區/科學工業園區,
臺灣特有,經貿商務,情趣店/情趣商店,
臺灣特有,經貿商務,窒息量,
臺灣特有,經貿商務,頂讓,
臺灣特有,經貿商務,插旗,
臺灣特有,經貿商務,黃藍燈,
臺灣特有,經貿商務,搓圓仔湯,
臺灣特有,經貿商務,綁樁,
臺灣特有,經貿商務,經建,
臺灣特有,經貿商務,關係企業,
大陸特有,經貿商務,,二道販子
大陸特有,經貿商務,,廠標
大陸特有,經貿商務,,三資企業
大陸特有,經貿商務,,個體經濟
大陸特有,經貿商務,,小生產
大陸特有,經貿商務,,小農經濟
大陸特有,經貿商務,,幹租
大陸特有,經貿商務,,中試
大陸特有,經貿商務,,五點一線
大陸特有,經貿商務,,公私合營
大陸特有,經貿商務,,雙帶雙扶
大陸特有,經貿商務,,雙轉移
大陸特有,經貿商務,,開街
大陸特有,經貿商務,,開箱率
大陸特有,經貿商務,,引資
大陸特有,經貿商務,,車間
大陸特有,經貿商務,,貼牌/代加工
大陸特有,經貿商務,,出票
大陸特有,經貿商務,,發盤
大陸特有,經貿商務,,外引內聯
大陸特有,經貿商務,,外企
大陸特有,經貿商務,,市場準入
大陸特有,經貿商務,,必要勞動
大陸特有,經貿商務,,打榜
大陸特有,經貿商務,,正回購
大陸特有,經貿商務,,民族資本
大陸特有,經貿商務,,民營經濟
大陸特有,經貿商務,,生產手段/生產資料
大陸特有,經貿商務,,生產隊
大陸特有,經貿商務,,皮包商
大陸特有,經貿商務,,長線產品
大陸特有,經貿商務,,企業工商執照註冊號
大陸特有,經貿商務,,企事業
大陸特有,經貿商務,,企穩
大陸特有,經貿商務,,關停並轉
大陸特有,經貿商務,,動銷
大陸特有,經貿商務,,吃回扣
大陸特有,經貿商務,,合作化/集體化
大陸特有,經貿商務,,回水
大陸特有,經貿商務,,網交會/網絡商品交易會
大陸特有,經貿商務,,行俏
大陸特有,經貿商務,,齊抓共管
大陸特有,經貿商務,,兩高一資
大陸特有,經貿商務,,冷鏈/冷藏鏈
大陸特有,經貿商務,,冷銷
大陸特有,經貿商務,,勞動對象
大陸特有,經貿商務,,投入品
大陸特有,經貿商務,,私營經濟
大陸特有,經貿商務,,辛迪加
大陸特有,經貿商務,,供銷社/供銷合作社
大陸特有,經貿商務,,具體勞動
大陸特有,經貿商務,,國企/國有企業
大陸特有,經貿商務,,國有經濟
大陸特有,經貿商務,,性價比/性能價格比
大陸特有,經貿商務,,總裝
大陸特有,經貿商務,,抽象勞動
大陸特有,經貿商務,,拐點論
大陸特有,經貿商務,,治窮
大陸特有,經貿商務,,物化勞動
大陸特有,經貿商務,,環境壁壘/綠色壁壘
大陸特有,經貿商務,,生產力/社會生產力
大陸特有,經貿商務,,經濟園
大陸特有,經貿商務,,開發區/經濟開發區/經濟技術開發區
大陸特有,經貿商務,,經濟特區
大陸特有,經貿商務,,運營商
大陸特有,經貿商務,,返工
大陸特有,經貿商務,,返利
大陸特有,經貿商務,,金橋工程
大陸特有,經貿商務,,非公有制經濟
大陸特有,經貿商務,,信譽度
大陸特有,經貿商務,,南南合作
大陸特有,經貿商務,,城調
大陸特有,經貿商務,,拼縫
大陸特有,經貿商務,,指導線
大陸特有,經貿商務,,春拍
大陸特有,經貿商務,,活勞動
大陸特有,經貿商務,,派購
大陸特有,經貿商務,,皇糧
大陸特有,經貿商務,,科企
大陸特有,經貿商務,,科技含量
大陸特有,經貿商務,,科技扶貧
大陸特有,經貿商務,,統配
大陸特有,經貿商務,,統貨
大陸特有,經貿商務,,統銷
大陸特有,經貿商務,,倒運
大陸特有,經貿商務,,倒票
大陸特有,經貿商務,,倒牌子
大陸特有,經貿商務,,倒買倒賣
大陸特有,經貿商務,,倒匯
大陸特有,經貿商務,,准入制
大陸特有,經貿商務,,海西/海西經濟區/海峽西岸經濟區
大陸特有,經貿商務,,特許專營/特許經營
大陸特有,經貿商務,,班組
大陸特有,經貿商務,,留人獎
大陸特有,經貿商務,,高企
大陸特有,經貿商務,,高新/高新技術企業
大陸特有,經貿商務,,高新區
大陸特有,經貿商務,,深加工
大陸特有,經貿商務,,盤活
大陸特有,經貿商務,,剩餘勞動
大陸特有,經貿商務,,割肉
大陸特有,經貿商務,,割尾巴
大陸特有,經貿商務,,強農惠農
大陸特有,經貿商務,,智力投資
大陸特有,經貿商務,,短平快
大陸特有,經貿商務,,硬苦力
大陸特有,經貿商務,,聯社
大陸特有,經貿商務,,聯產承包責任制
大陸特有,經貿商務,,聯產計酬
大陸特有,經貿商務,,集貿/集市貿易
大陸特有,經貿商務,,集成化
大陸特有,經貿商務,,集體經濟
大陸特有,經貿商務,,集貿市場
大陸特有,經貿商務,,路遊/路演
大陸特有,經貿商務,,零投入
大陸特有,經貿商務,,霸王合同
大陸特有,經貿商務,,買辦資本
大陸特有,經貿商務,,買辦階級/買辦資產階級
大陸特有,經貿商務,,軍轉民
大陸特有,經貿商務,,創業園
大陸特有,經貿商務,,創收
大陸特有,經貿商務,,創利
大陸特有,經貿商務,,創匯
大陸特有,經貿商務,,創匯額
大陸特有,經貿商務,,獎售
大陸特有,經貿商務,,搶注
大陸特有,經貿商務,,撈資本
大陸特有,經貿商務,,標王
大陸特有,經貿商務,,匯展
大陸特有,經貿商務,,溼租
大陸特有,經貿商務,,騰籠換鳥
大陸特有,經貿商務,,藍牌
大陸特有,經貿商務,,評標
大陸特有,經貿商務,,質監
大陸特有,經貿商務,,轉企/轉企改制
大陸特有,經貿商務,,轉軌經濟
大陸特有,經貿商務,,軟文
大陸特有,經貿商務,,軟儲備
大陸特有,經貿商務,,輔料
大陸特有,經貿商務,,進級點
大陸特有,經貿商務,,鋪攤子
大陸特有,經貿商務,,銷勢
大陸特有,經貿商務,,鬧市區
大陸特有,經貿商務,,預虧
大陸特有,經貿商務,,預盈
大陸特有,經貿商務,,頹市
大陸特有,經貿商務,,廣交會/廣州交易會/中國進出口商品交易會
大陸特有,經貿商務,,企改
大陸特有,經貿商務,,地方糧票
大陸特有,經貿商務,,專業村
大陸特有,經貿商務,,平銷
大陸特有,經貿商務,,底商
大陸特有,經貿商務,,批租
大陸特有,經貿商務,,批零
大陸特有,經貿商務,,投拍
大陸特有,經貿商務,,招商引資
大陸特有,經貿商務,,拍品
大陸特有,經貿商務,,星火計劃
大陸特有,經貿商務,,生意額
大陸特有,經貿商務,,百強縣
大陸特有,經貿商務,,亞投行
大陸特有,經貿商務,,西部大開發
大陸特有,經貿商務,,鄉企
大陸特有,經貿商務,,票證
大陸特有,經貿商務,,電子口岸
大陸特有,經貿商務,,一級市場
同實異名,財務金融,外匯存底,外匯儲備 
同實異名,財務金融,本益比,本益比/市盈率
同實異名,財務金融,利多,利多/利好
同實異名,財務金融,利空,利空/利淡
同實異名,財務金融,亞洲開發銀行/亞銀,亞洲開發銀行/亞行
同實異名,財務金融,定期,定期/死期
同實異名,財務金融,店頭/店頭市場,場外交易市場
同實異名,財務金融,房屋稅,房產稅
同實異名,財務金融,披索,比索 
同實異名,財務金融,空地稅,土地閒置稅
同實異名,財務金融,空頭支票/芭樂票,空頭支票
同實異名,財務金融,長紅/滿堂紅,長紅/飄紅
同實異名,財務金融,信用狀,信用證
同實異名,財務金融,急救金,應急金 
同實異名,財務金融,胖手指,胖手指/烏龍指
同實異名,財務金融,起徵點,起徵點/起稅點/徵稅起點
同實異名,財務金融,國庫,國庫/金庫
同實異名,財務金融,國稅,國稅/中央稅/國家稅
同實異名,財務金融,強制保險,強制保險/法定保險
同實異名,財務金融,強勢貨幣,強勢貨幣/硬通貨
同實異名,財務金融,理賠服務中心,理賠站 
同實異名,財務金融,通提,通兌
同實異名,財務金融,通儲,通存
同實異名,財務金融,報酬率,回報率
同實異名,財務金融,硬幣/銅板,硬幣
同實異名,財務金融,稅票,稅票/稅單
同實異名,財務金融,超領,超支
同實異名,財務金融,進項,進項/來項
同實異名,財務金融,網銀/網路銀行,網銀/網上銀行/網絡銀行
同實異名,財務金融,徵信所/徵信社,徵信所
同實異名,財務金融,歐元,歐元/歐羅
同實異名,財務金融,盤跌,盤跌/陰跌
同實異名,財務金融,閻王帳,閻王賬/閻王債
同實異名,財務金融,儲值,充值
同實異名,財務金融,儲值卡,充值卡
同實異名,財務金融,總收入,總收入/毛收入
同實異名,財務金融,聯貸/聯合貸款,銀團貸款
同名異實,財務金融,互助會,互助會
同名異實,財務金融,公益卡,公益卡
同名異實,財務金融,金庫,金庫
同名異實,財務金融,配股,配股
同名異實,財務金融,脫產,脫產
同名異實,財務金融,勞保,勞保
同名異實,財務金融,稅單,稅單
同名異實,財務金融,跑路費,辛苦費
同名異實,財務金融,農保,農保
同名異實,財務金融,聯保,聯保
同名異實,財務金融,聯貸,聯貸
臺灣特有,財務金融,十八趴/軍公教十八趴,
臺灣特有,財務金融,中概股,
臺灣特有,財務金融,公告現值,
臺灣特有,財務金融,公保/公務人員保險,
臺灣特有,財務金融,水餃股,
臺灣特有,財務金融,主計,
臺灣特有,財務金融,地雷股,
臺灣特有,財務金融,年金,
臺灣特有,財務金融,老人年金,
臺灣特有,財務金融,低檔,
臺灣特有,財務金融,投現,
臺灣特有,財務金融,禿鷹,
臺灣特有,財務金融,私校保險/私立學校教職員保險,
臺灣特有,財務金融,定存奴,
臺灣特有,財務金融,股王,
臺灣特有,財務金融,軋票,
臺灣特有,財務金融,金檢,
臺灣特有,財務金融,長黑,
臺灣特有,財務金融,高檔,
臺灣特有,財務金融,國民年金,
臺灣特有,財務金融,國民旅遊卡,
臺灣特有,財務金融,奢侈稅,
臺灣特有,財務金融,悠遊卡,
臺灣特有,財務金融,悠遊聯名卡,
臺灣特有,財務金融,殺豬公,
臺灣特有,財務金融,現金卡,
臺灣特有,財務金融,稅負制,
臺灣特有,財務金融,菸捐/健康捐/福利捐,
臺灣特有,財務金融,超貸,
臺灣特有,財務金融,郵政儲金,
臺灣特有,財務金融,傳產股,
臺灣特有,財務金融,塑膠貨幣,
臺灣特有,財務金融,試算,
臺灣特有,財務金融,跳票,
臺灣特有,財務金融,農民年金,
臺灣特有,財務金融,零用金,
臺灣特有,財務金融,劃撥,
臺灣特有,財務金融,綜所稅/綜合所得稅,
臺灣特有,財務金融,撐盤,
臺灣特有,財務金融,證所稅/證券交易所得稅,
大陸特有,財務金融,,一折式
大陸特有,財務金融,,一費通
大陸特有,財務金融,,創板/創業板/二板市場/創業板市場
大陸特有,財務金融,,三角債
大陸特有,財務金融,,三責險
大陸特有,財務金融,,下浮
大陸特有,財務金融,,個調稅
大陸特有,財務金融,,個貸
大陸特有,財務金融,,大小非
大陸特有,財務金融,,小票
大陸特有,財務金融,,公積金
大陸特有,財務金融,,內房股
大陸特有,財務金融,,內銀股
大陸特有,財務金融,,雙底
大陸特有,財務金融,,月供
大陸特有,財務金融,,欠賬卡
大陸特有,財務金融,,毛票/角票
大陸特有,財務金融,,氣球貸
大陸特有,財務金融,,車購稅/車輛購置稅
大陸特有,財務金融,,主承銷商
大陸特有,財務金融,,主板市場
大陸特有,財務金融,,主稅/正稅/本稅/獨立稅
大陸特有,財務金融,,北水南來/北水南流/北水南調
大陸特有,財務金融,,打白條
大陸特有,財務金融,,白條/白條子/白條兒
大陸特有,財務金融,,再貸款
大陸特有,財務金融,,劃痕險
大陸特有,財務金融,,劃轉
大陸特有,財務金融,,協稅
大陸特有,財務金融,,迴歸股
大陸特有,財務金融,,扣賬卡/借記卡
大陸特有,財務金融,,自汗錢
大陸特有,財務金融,,行權日/購買日
大陸特有,財務金融,,住房公積金
大陸特有,財務金融,,利稅
大陸特有,財務金融,,吸儲
大陸特有,財務金融,,快易貸
大陸特有,財務金融,,投行
大陸特有,財務金融,,豆腐賬
大陸特有,財務金融,,供樓
大陸特有,財務金融,,國際卡
大陸特有,財務金融,,學貸險
大陸特有,財務金融,,社保金
大陸特有,財務金融,,社保稅/社會保障稅
大陸特有,財務金融,,社保費
大陸特有,財務金融,,股改
大陸特有,財務金融,,股票紅利稅
大陸特有,財務金融,,保安線
大陸特有,財務金融,,封轉開
大陸特有,財務金融,,持倉量
大陸特有,財務金融,,按揭
大陸特有,財務金融,,洗倉/震倉
大陸特有,財務金融,,國有股
大陸特有,財務金融,,派款
大陸特有,財務金融,,鋼鏰兒/鋼鏰子
大陸特有,財務金融,,原始股
大陸特有,財務金融,,套頭交易
大陸特有,財務金融,,耕地佔用稅
大陸特有,財務金融,,逃貸
大陸特有,財務金融,,逆市
大陸特有,財務金融,,減倉
大陸特有,財務金融,,清算制
大陸特有,財務金融,,清產覈資
大陸特有,財務金融,,袋袋賬
大陸特有,財務金融,,銀團
大陸特有,財務金融,,銀團貸款
大陸特有,財務金融,,銀聯卡
大陸特有,財務金融,,銀證通
大陸特有,財務金融,,強債/增強型債券基金
大陸特有,財務金融,,惠農卡/金穗惠農卡
大陸特有,財務金融,,貓幣
大陸特有,財務金融,,短險
大陸特有,財務金融,,稅耗子
大陸特有,財務金融,,稅控機
大陸特有,財務金融,,新老劃段/新老劃斷
大陸特有,財務金融,,融資鏈
大陸特有,財務金融,,濠賭股
大陸特有,財務金融,,薪效
大陸特有,財務金融,,儲蓄所
大陸特有,財務金融,,導銀
大陸特有,財務金融,,現貸派
大陸特有,財務金融,,簡身險/簡易人身保險
大陸特有,財務金融,,紅利稅/股票紅利稅
大陸特有,財務金融,,紅籌股
大陸特有,財務金融,,翹尾
大陸特有,財務金融,,調節稅
大陸特有,財務金融,,財政補貼
大陸特有,財務金融,,購置稅
大陸特有,財務金融,,貸記卡
大陸特有,財務金融,,轉按揭
大陸特有,財務金融,,軟通貨
大陸特有,財務金融,,連陽
大陸特有,財務金融,,連陰
大陸特有,財務金融,,鏰子
大陸特有,財務金融,,順市
大陸特有,財務金融,,飄綠
大陸特有,財務金融,,三險一金
大陸特有,財務金融,,信用社/信用合作社
大陸特有,財務金融,,切匯
大陸特有,財務金融,,吃牀板/吃牀腿
大陸特有,財務金融,,定損
大陸特有,財務金融,,惜賠
大陸特有,財務金融,,惡意透支
大陸特有,財務金融,,走牛
大陸特有,財務金融,,逃廢
大陸特有,財務金融,,隱形收入/隱性收入
大陸特有,財務金融,,上浮
大陸特有,財務金融,,踏空
大陸特有,財務金融,,利息所得稅
大陸特有,財務金融,,徵管
大陸特有,財務金融,,抽逃
大陸特有,財務金融,,通存通兌
同實異名,社會＆民情,入贅,入贅/倒插門
同實異名,社會＆民情,工運/勞工運動,工運/工人運動
同實異名,社會＆民情,公告期,公示期
同實異名,社會＆民情,公曆/西曆/國曆/陽曆/太陽曆,公曆/西曆/國曆/陽曆/太陽曆/格里曆
同實異名,社會＆民情,世界展望會,世界宣明會
同實異名,社會＆民情,代溝,代溝/代差
同實異名,社會＆民情,出分子,出份子/隨分子
同實異名,社會＆民情,外遇/婚外情,外遇/婚外情/婚外戀
同實異名,社會＆民情,生活水平/生活水準,生活水平/生活水準/生活程度
同實異名,社會＆民情,生活品質,生活質量 /生存質量
同實異名,社會＆民情,年假/特休/特別休假,年假/年休假
同實異名,社會＆民情,作媒/做媒,作媒/做媒/保媒
同實異名,社會＆民情,扮白臉,唱紅臉
同實異名,社會＆民情,扮黑臉,唱白臉 
同實異名,社會＆民情,男女平等/兩性平權,男女平等
同實異名,社會＆民情,抽水站,抽水站/泵站/揚水站
同實異名,社會＆民情,拉炮,拉炮/彩炮/禮賓花
同實異名,社會＆民情,春酒,春酒/春茗
同實異名,社會＆民情,宰牲節/犧牲節/古爾邦節,宰牲節/犧牲節/古爾邦節/爾德節
同實異名,社會＆民情,家庭計畫,計劃生育 
同實異名,社會＆民情,消防栓 /救火栓,消防栓/消火栓
同實異名,社會＆民情,逆境商數,逆境商數/逆商/逆境商/挫折商
同實異名,社會＆民情,國定假日,國定假日/法定假日
同實異名,社會＆民情,國際兒童村,國際兒童村/兒童村/SOS兒童村
同實異名,社會＆民情,國際兒童節,國際兒童節/六一國際兒童節
同實異名,社會＆民情,國慶日,國慶日/國慶節
同實異名,社會＆民情,基層,基層/低層
同實異名,社會＆民情,掃黑,掃黑/打黑
同實異名,社會＆民情,救護隊/救難隊,救護隊 
同實異名,社會＆民情,牽線,牽線/牽頭
同實異名,社會＆民情,軟體,軟件 
同實異名,社會＆民情,速食戀愛,速食戀愛/快餐戀愛
同實異名,社會＆民情,報導,報導/報道
同實異名,社會＆民情,無性婚姻,無性婚姻/無性婚
同實異名,社會＆民情,焦點新聞,焦點新聞/沸點新聞
同實異名,社會＆民情,雅痞,雅痞/雅皮士/雅痞士
同實異名,社會＆民情,集體婚禮/集團婚禮/集團結婚,集體婚禮 
同實異名,社會＆民情,傳統風味/古早味,傳統風味
同實異名,社會＆民情,意識形態/觀念形態/意識型態/觀念型態,意識形態 /觀念形態
同實異名,社會＆民情,義工/志工,義工
同實異名,社會＆民情,聖誕節/耶誕節,聖誕節
同實異名,社會＆民情,農民曆,農家歷
同實異名,社會＆民情,舞龍,舞龍/玩龍燈
同實異名,社會＆民情,認養,認養/認領
同實異名,社會＆民情,嬉皮,嬉皮士
同實異名,社會＆民情,導言,導語
同實異名,社會＆民情,樹葬,樹葬/植樹葬
同實異名,社會＆民情,雙薪家庭,雙職工家庭 
同實異名,社會＆民情,雙響/二踢腳,雙響/二踢腳/兩響
同實異名,社會＆民情,龐克,朋克
同實異名,社會＆民情,讀者投書,讀者來信
同名異實,社會＆民情,人頭,人頭
同名異實,社會＆民情,公關/公共關係,公關/公共關係
同名異實,社會＆民情,高姿態,高姿態
臺灣特有,社會＆民情,中途之家,
臺灣特有,社會＆民情,公休,
臺灣特有,社會＆民情,公共給水,
臺灣特有,社會＆民情,分偶,
臺灣特有,社會＆民情,文宣,
臺灣特有,社會＆民情,出草,
臺灣特有,社會＆民情,平衡報導,
臺灣特有,社會＆民情,民族掃墓節,
臺灣特有,社會＆民情,生命禮儀,
臺灣特有,社會＆民情,光復節/臺灣光復節,
臺灣特有,社會＆民情,在地,
臺灣特有,社會＆民情,自由日,
臺灣特有,社會＆民情,自強活動,
臺灣特有,社會＆民情,西瓜效應,
臺灣特有,社會＆民情,志工化,
臺灣特有,社會＆民情,抓猴,
臺灣特有,社會＆民情,走春,
臺灣特有,社會＆民情,和解共生,
臺灣特有,社會＆民情,拉抬,
臺灣特有,社會＆民情,近貧,
臺灣特有,社會＆民情,度晬,
臺灣特有,社會＆民情,炸寒單,
臺灣特有,社會＆民情,軍人節,
臺灣特有,社會＆民情,家扶,
臺灣特有,社會＆民情,家庭訪視,
臺灣特有,社會＆民情,站衛兵,
臺灣特有,社會＆民情,送做堆,
臺灣特有,社會＆民情,陣頭,
臺灣特有,社會＆民情,造勢會,
臺灣特有,社會＆民情,登記婚,
臺灣特有,社會＆民情,義民節,
臺灣特有,社會＆民情,電子花車,
臺灣特有,社會＆民情,僑社,
臺灣特有,社會＆民情,彈性放假,
臺灣特有,社會＆民情,辦桌,
臺灣特有,社會＆民情,餐會,
臺灣特有,社會＆民情,蹺家/翹家,
大陸特有,社會＆民情,,一條街
大陸特有,社會＆民情,,丁克
大陸特有,社會＆民情,,萬元戶
大陸特有,社會＆民情,,三臺合一/三警合一
大陸特有,社會＆民情,,三陪
大陸特有,社會＆民情,,大齡
大陸特有,社會＆民情,,幹休所
大陸特有,社會＆民情,,中國夢
大陸特有,社會＆民情,,五保戶
大陸特有,社會＆民情,,井噴
大陸特有,社會＆民情,,公假
大陸特有,社會＆民情,,雙休日
大陸特有,社會＆民情,,水炮
大陸特有,社會＆民情,,儀仗
大陸特有,社會＆民情,,處警
大陸特有,社會＆民情,,民工潮
大陸特有,社會＆民情,,生產關係
大陸特有,社會＆民情,,份兒錢
大陸特有,社會＆民情,,優撫
大陸特有,社會＆民情,,關係戶
大陸特有,社會＆民情,,關聯方
大陸特有,社會＆民情,,吃喝風
大陸特有,社會＆民情,,吃請
大陸特有,社會＆民情,,在譜
大陸特有,社會＆民情,,年齡段
大陸特有,社會＆民情,,有償新聞
大陸特有,社會＆民情,,禮花
大陸特有,社會＆民情,,老大難
大陸特有,社會＆民情,,老少邊窮
大陸特有,社會＆民情,,老封建
大陸特有,社會＆民情,,老眼光
大陸特有,社會＆民情,,肉孜節
大陸特有,社會＆民情,,自由民
大陸特有,社會＆民情,,低保
大陸特有,社會＆民情,,形姻/互助婚姻/形式婚姻
大陸特有,社會＆民情,,走熱
大陸特有,社會＆民情,,陽光操作
大陸特有,社會＆民情,,事實婚姻
大陸特有,社會＆民情,,單過
大陸特有,社會＆民情,,參保率
大陸特有,社會＆民情,,奔小康
大陸特有,社會＆民情,,官本位
大陸特有,社會＆民情,,怪圈
大陸特有,社會＆民情,,抹鍋灰
大陸特有,社會＆民情,,擁軍優屬
大陸特有,社會＆民情,,盲流
大陸特有,社會＆民情,,社安
大陸特有,社會＆民情,,社保/社會保險
大陸特有,社會＆民情,,社保/社會保障
大陸特有,社會＆民情,,社保卡/社會保障卡
大陸特有,社會＆民情,,社情
大陸特有,社會＆民情,,空巢家庭
大陸特有,社會＆民情,,迎峯度夏
大陸特有,社會＆民情,,迎講樹
大陸特有,社會＆民情,,返貧
大陸特有,社會＆民情,,保電
大陸特有,社會＆民情,,冒富
大陸特有,社會＆民情,,拼爹
大陸特有,社會＆民情,,洋節
大陸特有,社會＆民情,,砍刀幫
大陸特有,社會＆民情,,穿靴戴帽
大陸特有,社會＆民情,,美譽度
大陸特有,社會＆民情,,剝削階級
大陸特有,社會＆民情,,拉近乎/套近乎
大陸特有,社會＆民情,,套磁
大陸特有,社會＆民情,,祝酒
大陸特有,社會＆民情,,祝酒歌
大陸特有,社會＆民情,,祝酒詞
大陸特有,社會＆民情,,祝捷
大陸特有,社會＆民情,,笑笑團
大陸特有,社會＆民情,,笑臉牆/微笑牆
大陸特有,社會＆民情,,送溫暖
大陸特有,社會＆民情,,排險
大陸特有,社會＆民情,,排爆
大陸特有,社會＆民情,,排隊日
大陸特有,社會＆民情,,探親假
大陸特有,社會＆民情,,接地氣
大陸特有,社會＆民情,,斷檔
大陸特有,社會＆民情,,眼球效應
大陸特有,社會＆民情,,陪老
大陸特有,社會＆民情,,黃金週/黃金假日
大陸特有,社會＆民情,,傍大款
大陸特有,社會＆民情,,割尾巴
大陸特有,社會＆民情,,媒體節
大陸特有,社會＆民情,,插隊
大陸特有,社會＆民情,,溫飽線
大陸特有,社會＆民情,,聯調
大陸特有,社會＆民情,,裝紅臉
大陸特有,社會＆民情,,搭界
大陸特有,社會＆民情,,羣發
大陸特有,社會＆民情,,羣體性事件
大陸特有,社會＆民情,,羣訪
大陸特有,社會＆民情,,路怒
大陸特有,社會＆民情,,福利院
大陸特有,社會＆民情,,靠譜/靠譜兒
大陸特有,社會＆民情,,整風
大陸特有,社會＆民情,,蹭飯
大陸特有,社會＆民情,,臨界婚姻
大陸特有,社會＆民情,,習慣勢力
大陸特有,社會＆民情,,傳承鏈
大陸特有,社會＆民情,,傳播鏈
大陸特有,社會＆民情,,惡捧
大陸特有,社會＆民情,,搶險
大陸特有,社會＆民情,,換肚腸
大陸特有,社會＆民情,,熱看
大陸特有,社會＆民情,,熱假/高溫假
大陸特有,社會＆民情,,熱傳
大陸特有,社會＆民情,,熱詞
大陸特有,社會＆民情,,窩點
大陸特有,社會＆民情,,紅火
大陸特有,社會＆民情,,節徽
大陸特有,社會＆民情,,談朋友
大陸特有,社會＆民情,,錯峯
大陸特有,社會＆民情,,闖關東
大陸特有,社會＆民情,,頂牛
大陸特有,社會＆民情,,頂牛兒
大陸特有,社會＆民情,,飢餓線
大陸特有,社會＆民情,,五愛
大陸特有,社會＆民情,,五講四美
大陸特有,社會＆民情,,插隊落戶
大陸特有,社會＆民情,,改口費
大陸特有,社會＆民情,,領證
大陸特有,社會＆民情,,人才戰略
大陸特有,社會＆民情,,打離婚
大陸特有,社會＆民情,,曬乾瓢
大陸特有,社會＆民情,,凰求鳳
大陸特有,社會＆民情,,搞活
大陸特有,社會＆民情,,解釦子
大陸特有,社會＆民情,,裸婚
大陸特有,社會＆民情,,結對
大陸特有,社會＆民情,,維穩
同實異名,宗教＆道德,三元大帝/三官大帝/三官帝君/三界公/三界爺,三元大帝/三官大帝/三官帝君
同實異名,宗教＆道德,不沾鍋,不粘鍋
同實異名,宗教＆道德,拉偏架,拉偏架/拉偏手兒
同實異名,宗教＆道德,放鴿子,放鴿子/放飛機
同實異名,宗教＆道德,真主/阿拉,真主/安拉 
同實異名,宗教＆道德,頂客家庭,丁克家庭
同實異名,宗教＆道德,插隊,插隊/加塞兒
同實異名,宗教＆道德,黑帖/無名帖/黑函,黑帖/無名帖
同實異名,宗教＆道德,黑箱作業,黑箱操作/暗箱操作 
同實異名,宗教＆道德,精神暴力,精神暴力/軟暴力
同實異名,宗教＆道德,廟祝/廟公,廟祝
臺灣特有,宗教＆道德,七爺八爺,
臺灣特有,宗教＆道德,八家將,
臺灣特有,宗教＆道德,三字經,
臺灣特有,宗教＆道德,大身尪,
臺灣特有,宗教＆道德,大拜拜,
臺灣特有,宗教＆道德,五年祭,
臺灣特有,宗教＆道德,分身,
臺灣特有,宗教＆道德,乩童,
臺灣特有,宗教＆道德,好兄弟,
臺灣特有,宗教＆道德,安太歲,
臺灣特有,宗教＆道德,抹黃,
臺灣特有,宗教＆道德,限制級,
臺灣特有,宗教＆道德,剝皮,
臺灣特有,宗教＆道德,貢龜,
臺灣特有,宗教＆道德,割喉戰,
臺灣特有,宗教＆道德,黑白講,
臺灣特有,宗教＆道德,奧步,
臺灣特有,宗教＆道德,搶孤,
臺灣特有,宗教＆道德,電音三太子,
臺灣特有,宗教＆道德,劈腿,
臺灣特有,宗教＆道德,爐主,
大陸特有,宗教＆道德,,上眼藥
大陸特有,宗教＆道德,,小廣播
大陸特有,宗教＆道德,,打黑槍
大陸特有,宗教＆道德,,老實巴交
大陸特有,宗教＆道德,,刨祖墳
大陸特有,宗教＆道德,,吹冷風
大陸特有,宗教＆道德,,吹枕頭風
大陸特有,宗教＆道德,,吹枕邊風
大陸特有,宗教＆道德,,告黑狀
大陸特有,宗教＆道德,,使假
大陸特有,宗教＆道德,,刮陰風
大陸特有,宗教＆道德,,制黃
大陸特有,宗教＆道德,,官德
大陸特有,宗教＆道德,,放冷風
大陸特有,宗教＆道德,,叛賣
大陸特有,宗教＆道德,,指脊樑骨
大陸特有,宗教＆道德,,挖祖墳
大陸特有,宗教＆道德,,派性
大陸特有,宗教＆道德,,玻璃小鞋
大陸特有,宗教＆道德,,穿小鞋
大陸特有,宗教＆道德,,掏漿糊/淘糨糊/搗糨糊
大陸特有,宗教＆道德,,掐尖子
大陸特有,宗教＆道德,,貓匿/貓膩/貓兒膩
大陸特有,宗教＆道德,,黑材料
大陸特有,宗教＆道德,,塞私貨
大陸特有,宗教＆道德,,碰瓷
大陸特有,宗教＆道德,,矇事
大陸特有,宗教＆道德,,糖彈/糖衣炮彈
大陸特有,宗教＆道德,,權錢交易
大陸特有,宗教＆道德,,潑髒水
大陸特有,宗教＆道德,,糾風
大陸特有,宗教＆道德,,糾風辦
大陸特有,宗教＆道德,,紀律性
大陸特有,宗教＆道德,,紀檢
大陸特有,宗教＆道德,,葷段子/黃段子
大陸特有,宗教＆道德,,算後賬
大陸特有,宗教＆道德,,扯大旗
大陸特有,宗教＆道德,,玩貓兒膩
大陸特有,宗教＆道德,,穿連襠褲
大陸特有,宗教＆道德,,野路子
大陸特有,宗教＆道德,,蔫兒壞
大陸特有,宗教＆道德,,記小賬
大陸特有,宗教＆道德,,攢人品
同實異名,農林漁牧礦,土埂/田埂/田壟,土埂/田埂/田壟/地埂/地埂子
同實異名,農林漁牧礦,水田,水田/水地
同實異名,農林漁牧礦,水耕,水耕/水培
同實異名,農林漁牧礦,石棉/石綿,石棉
同實異名,農林漁牧礦,行道樹/路樹,行道樹 
同實異名,農林漁牧礦,乳牛,乳牛/奶牛
同實異名,農林漁牧礦,乳羊,乳羊/奶羊
同實異名,農林漁牧礦,契約農業,契約農業/訂單農業
同實異名,農林漁牧礦,魚苗,魚苗/魚花
同實異名,農林漁牧礦,琺瑯質,琺琅質/釉質
同實異名,農林漁牧礦,農膜,農膜/地膜
同實異名,農林漁牧礦,精準農業,精準農業/精確農業
同實異名,農林漁牧礦,箱網,網箱
同實異名,農林漁牧礦,箱網養殖,網箱養殖
同實異名,農林漁牧礦,輪作/輪栽/輪種,輪作/輪栽/輪種/倒茬
同實異名,農林漁牧礦,鐵粉,鐵粉/精粉/鐵精粉
同名異實,農林漁牧礦,農會,農會
同名異實,農林漁牧礦,豬草,豬草
同名異實,農林漁牧礦,礦務局,礦務局
臺灣特有,農林漁牧礦,保安林,
臺灣特有,農林漁牧礦,牽罟,
臺灣特有,農林漁牧礦,農耕隊,
大陸特有,農林漁牧礦,,廠礦
大陸特有,農林漁牧礦,,三農
大陸特有,農林漁牧礦,,個子
大陸特有,農林漁牧礦,,工作面
大陸特有,農林漁牧礦,,飛播
大陸特有,農林漁牧礦,,公僕林
大陸特有,農林漁牧礦,,雙搶
大陸特有,農林漁牧礦,,開割
大陸特有,農林漁牧礦,,開割/開鐮
大陸特有,農林漁牧礦,,水地/水澆地
大陸特有,農林漁牧礦,,代耕
大陸特有,農林漁牧礦,,儀仗樹
大陸特有,農林漁牧礦,,打釺
大陸特有,農林漁牧礦,,生荒
大陸特有,農林漁牧礦,,生豬
大陸特有,農林漁牧礦,,生態牛
大陸特有,農林漁牧礦,,田管
大陸特有,農林漁牧礦,,電灌
大陸特有,農林漁牧礦,,休牧
大陸特有,農林漁牧礦,,沖田
大陸特有,農林漁牧礦,,吃青
大陸特有,農林漁牧礦,,回採率
大陸特有,農林漁牧礦,,存欄
大陸特有,農林漁牧礦,,米豬/豆豬
大陸特有,農林漁牧礦,,米糧川
大陸特有,農林漁牧礦,,自留山
大陸特有,農林漁牧礦,,自留地
大陸特有,農林漁牧礦,,估產
大陸特有,農林漁牧礦,,崗地
大陸特有,農林漁牧礦,,護田林
大陸特有,農林漁牧礦,,護秋
大陸特有,農林漁牧礦,,麥垛
大陸特有,農林漁牧礦,,單產
大陸特有,農林漁牧礦,,變工
大陸特有,農林漁牧礦,,坡改梯
大陸特有,農林漁牧礦,,拉秧
大陸特有,農林漁牧礦,,林墾
大陸特有,農林漁牧礦,,註冊場
大陸特有,農林漁牧礦,,返青
大陸特有,農林漁牧礦,,採育
大陸特有,農林漁牧礦,,魚秧子
大陸特有,農林漁牧礦,,親魚
大陸特有,農林漁牧礦,,保墒
大陸特有,農林漁牧礦,,冒頂
大陸特有,農林漁牧礦,,墊圈
大陸特有,農林漁牧礦,,春禁
大陸特有,農林漁牧礦,,活茬
大陸特有,農林漁牧礦,,護青/看青
大陸特有,農林漁牧礦,,科技戶/科技示範戶
大陸特有,農林漁牧礦,,苗情
大陸特有,農林漁牧礦,,浮選
大陸特有,農林漁牧礦,,能源林
大陸特有,農林漁牧礦,,控釋肥
大陸特有,農林漁牧礦,,混交林
大陸特有,農林漁牧礦,,離土
大陸特有,農林漁牧礦,,笨雞
大陸特有,農林漁牧礦,,掰芽子
大陸特有,農林漁牧礦,,散養
大陸特有,農林漁牧礦,,貓魚
大陸特有,農林漁牧礦,,菜地
大陸特有,農林漁牧礦,,趁墒
大陸特有,農林漁牧礦,,超級稻/超高產水稻
大陸特有,農林漁牧礦,,失墒/跑墒
大陸特有,農林漁牧礦,,碾場
大陸特有,農林漁牧礦,,薪炭林
大陸特有,農林漁牧礦,,翻場
大陸特有,農林漁牧礦,,專業戶
大陸特有,農林漁牧礦,,退養
大陸特有,農林漁牧礦,,軍墾
大陸特有,農林漁牧礦,,壋
大陸特有,農林漁牧礦,,換茬
大陸特有,農林漁牧礦,,綠盾
大陸特有,農林漁牧礦,,藍色農業
大陸特有,農林漁牧礦,,責任田
大陸特有,農林漁牧礦,,頂心/頂尖
大陸特有,農林漁牧礦,,小煤窯
大陸特有,農林漁牧礦,,旱澇保收
大陸特有,農林漁牧礦,,涉農
大陸特有,農林漁牧礦,,狗屎地
大陸特有,農林漁牧礦,,農企
大陸特有,農林漁牧礦,,三夏
大陸特有,農林漁牧礦,,頭茬
大陸特有,農林漁牧礦,,菜博會
大陸特有,農林漁牧礦,,落膘
大陸特有,農林漁牧礦,,路礦
大陸特有,農林漁牧礦,,鹼荒
大陸特有,農林漁牧礦,,穩產
同實異名,職場,人力派遣,勞務派遣
同實異名,職場,工會,工會/工聯
同實異名,職場,工寮,工棚
同實異名,職場,代班,代班/頂班/替班
同實異名,職場,出師/出道/滿師,出師/出道/滿師/出徒
同實異名,職場,外快,外快/外水/活錢
同實異名,職場,全勤,全勤/滿勤
同實異名,職場,合聘,聯聘
同實異名,職場,名譽職,名譽職/名譽職務
同實異名,職場,回聘,回聘/返聘
同實異名,職場,在職訓練,在職培訓/崗位培訓 
同實異名,職場,年資/資齡,年資/資齡/工齡
同實異名,職場,自由業,自由職業
同實異名,職場,受薪族,工薪族
同實異名,職場,受薪階級/薪水階級,工薪階層 
同實異名,職場,契約工,合同工
同實異名,職場,拾荒/拾破爛/撿破爛/揀破爛,拾荒/拾破爛/撿破爛/撿破爛兒
同實異名,職場,查哨,查哨/查崗
同實異名,職場,浮動工資,浮動工資/活工資
同實異名,職場,特種行業,特種行業/特業/特行
同實異名,職場,接班/接棒,接班
同實異名,職場,第一級產業,第一級產業/初級產業/第一產業
同實異名,職場,第二級產業,第二級產業/第二產業
同實異名,職場,第三級產業,第三級產業/第三產業/三產
同實異名,職場,第四級產業,第四級產業/第四產業
同實異名,職場,視訊會議,視頻會議/電視電話會議
同實異名,職場,遣散費/資遣費,遣散費
同實異名,職場,徵才會,招聘會
同實異名,職場,調薪,調薪/調資
同實異名,職場,隱性失業/隱藏性失業,隱性失業/隱藏性失業/亞失業
同實異名,職場,離任,離任/離崗
同實異名,職場,識別證,識別證/胸卡/胸牌
同實異名,職場,續聘,續聘/連聘
同名異實,職場,分管,分管
同名異實,職場,缺編,缺編
同名異實,職場,高職,高職
同名異實,職場,掛點,掛點
同名異實,職場,脫產,脫產
同名異實,職場,總工會,總工會
臺灣特有,職場,人力銀行,
臺灣特有,職場,上游業者,
臺灣特有,職場,下游業者,
臺灣特有,職場,下聘,
臺灣特有,職場,工安/工業安全,
臺灣特有,職場,升等考試,
臺灣特有,職場,升資,
臺灣特有,職場,加減賺,
臺灣特有,職場,加給,
臺灣特有,職場,加菜金,
臺灣特有,職場,休職,
臺灣特有,職場,考照,
臺灣特有,職場,育兒假/育嬰假,
臺灣特有,職場,走路工,
臺灣特有,職場,前段班,
臺灣特有,職場,前置作業,
臺灣特有,職場,後段班,
臺灣特有,職場,怠職,
臺灣特有,職場,洽公,
臺灣特有,職場,風化區,
臺灣特有,職場,差假,
臺灣特有,職場,時程,
臺灣特有,職場,特考/特種考試,
臺灣特有,職場,紙上作業,
臺灣特有,職場,做白工,
臺灣特有,職場,密等,
臺灣特有,職場,從業勞工,
臺灣特有,職場,敘薪,
臺灣特有,職場,終身俸,
臺灣特有,職場,勞工安全,
臺灣特有,職場,普考/普通考試/公務人員普通考試,
臺灣特有,職場,無給職,
臺灣特有,職場,超勤,
臺灣特有,職場,週休二日,
臺灣特有,職場,傳產/傳統產業,
臺灣特有,職場,勤惰,
臺灣特有,職場,新血輪,
臺灣特有,職場,資位,
臺灣特有,職場,遇缺不補,
臺灣特有,職場,甄訓,
臺灣特有,職場,徵才,
臺灣特有,職場,調差,
臺灣特有,職場,頭路,
臺灣特有,職場,檢附,
臺灣特有,職場,營造業,
臺灣特有,職場,臨時會,
臺灣特有,職場,職等,
臺灣特有,職場,職業工會,
臺灣特有,職場,轉檯,
臺灣特有,職場,離職金,
臺灣特有,職場,蹺班/翹班,
臺灣特有,職場,議場,
大陸特有,職場,,勞保
大陸特有,職場,,二把刀
大陸特有,職場,,廠休
大陸特有,職場,,廠禮拜
大陸特有,職場,,廠紀
大陸特有,職場,,三貼近
大陸特有,職場,,上崗
大陸特有,職場,,下馬
大陸特有,職場,,下崗
大陸特有,職場,,下放
大陸特有,職場,,下海
大陸特有,職場,,下課
大陸特有,職場,,義務工
大陸特有,職場,,工聯/工聯會
大陸特有,職場,,工薪收入
大陸特有,職場,,內退
大陸特有,職場,,分包
大陸特有,職場,,辦公會議
大陸特有,職場,,辦結率
大陸特有,職場,,升井
大陸特有,職場,,雙肩挑
大陸特有,職場,,開小會
大陸特有,職場,,文山會海
大陸特有,職場,,文祕
大陸特有,職場,,業委會/業主委員會
大陸特有,職場,,以點帶面
大陸特有,職場,,出工
大陸特有,職場,,出乘
大陸特有,職場,,包乾兒
大陸特有,職場,,包片兒
大陸特有,職場,,包保
大陸特有,職場,,包產
大陸特有,職場,,半脫產
大陸特有,職場,,外宣
大陸特有,職場,,外智
大陸特有,職場,,對話會
大陸特有,職場,,平均主義/絕對平均主義
大陸特有,職場,,歸口
大陸特有,職場,,用工
大陸特有,職場,,立卷
大陸特有,職場,,立項
大陸特有,職場,,全休
大陸特有,職場,,農轉非
大陸特有,職場,,農輕重
大陸特有,職場,,決心書
大陸特有,職場,,吃乾飯
大陸特有,職場,,吃勞保
大陸特有,職場,,吃空額
大陸特有,職場,,吃皇糧
大陸特有,職場,,在編
大陸特有,職場,,好處費
大陸特有,職場,,年審
大陸特有,職場,,扛活
大陸特有,職場,,死工資
大陸特有,職場,,灰色收入
大陸特有,職場,,考語
大陸特有,職場,,行天橋/走貓步
大陸特有,職場,,設崗定責
大陸特有,職場,,兩張皮
大陸特有,職場,,串崗
大陸特有,職場,,勞動手段/勞動資料
大陸特有,職場,,勞動日
大陸特有,職場,,勞動保護
大陸特有,職場,,勞動強度
大陸特有,職場,,聽會
大陸特有,職場,,吹風會
大陸特有,職場,,宏觀調控
大陸特有,職場,,崗位工資
大陸特有,職場,,崗位津貼
大陸特有,職場,,批件
大陸特有,職場,,批條
大陸特有,職場,,報批
大陸特有,職場,,私活兒
大陸特有,職場,,辛苦費/跑路費
大陸特有,職場,,陽光工資
大陸特有,職場,,事務主義
大陸特有,職場,,定編
大陸特有,職場,,拆臺
大陸特有,職場,,空白點
大陸特有,職場,,補臺
大陸特有,職場,,輪崗
大陸特有,職場,,返崗
大陸特有,職場,,複雜勞動
大陸特有,職場,,復崗
大陸特有,職場,,復轉
大陸特有,職場,,封頂
大陸特有,職場,,待崗
大陸特有,職場,,持證上崗
大陸特有,職場,,掛任
大陸特有,職場,,掛靠
大陸特有,職場,,掛靠費
大陸特有,職場,,掛職
大陸特有,職場,,看點
大陸特有,職場,,倒休/調休
大陸特有,職場,,倒逼
大陸特有,職場,,效益工資
大陸特有,職場,,浮誇風
大陸特有,職場,,海歸
大陸特有,職場,,病休
大陸特有,職場,,神仙會
大陸特有,職場,,膠皮飯碗
大陸特有,職場,,能上能下
大陸特有,職場,,鐵工資
大陸特有,職場,,鐵交椅
大陸特有,職場,,圈閱
大陸特有,職場,,培訓券
大陸特有,職場,,清點費
大陸特有,職場,,離休
大陸特有,職場,,離退休
大陸特有,職場,,3A辦公/移動辦公
大陸特有,職場,,第二職業
大陸特有,職場,,脫崗/離崗
大陸特有,職場,,陪聊
大陸特有,職場,,提幹
大陸特有,職場,,煮夾生飯
大陸特有,職場,,硬目標
大陸特有,職場,,硬任務
大陸特有,職場,,硬指標
大陸特有,職場,,窗口行業
大陸特有,職場,,超假
大陸特有,職場,,搞花架子
大陸特有,職場,,搭錯車
大陸特有,職場,,新老交替
大陸特有,職場,,新鮮血液
大陸特有,職場,,歇班
大陸特有,職場,,碰頭會
大陸特有,職場,,落聘待崗
大陸特有,職場,,解剖麻雀
大陸特有,職場,,零報告
大陸特有,職場,,境外就業
大陸特有,職場,,增崗
大陸特有,職場,,履職
大陸特有,職場,,潛績
大陸特有,職場,,踩點
大陸特有,職場,,霸王面
大陸特有,職場,,擇業期
大陸特有,職場,,斬件式
大陸特有,職場,,內退/退養
大陸特有,職場,,滿負荷
大陸特有,職場,,現場會
大陸特有,職場,,窩工
大陸特有,職場,,競崗/競爭上崗
大陸特有,職場,,簡單勞動
大陸特有,職場,,練手
大陸特有,職場,,結構工資
大陸特有,職場,,職介
大陸特有,職場,,職務工資
大陸特有,職場,,腦庫/思想庫
大陸特有,職場,,記工
大陸特有,職場,,試崗
大陸特有,職場,,試點
大陸特有,職場,,誠實勞動
大陸特有,職場,,誤工
大陸特有,職場,,調幹
大陸特有,職場,,責任事故
大陸特有,職場,,責權利
大陸特有,職場,,購物假
大陸特有,職場,,轉崗
大陸特有,職場,,軟目標
大陸特有,職場,,軟任務
大陸特有,職場,,軟指標
大陸特有,職場,,違規記分
大陸特有,職場,,頂崗
大陸特有,職場,,頂班
大陸特有,職場,,傳幫帶
大陸特有,職場,,內招
大陸特有,職場,,壓錠
大陸特有,職場,,外腦
大陸特有,職場,,套改
大陸特有,職場,,委培
大陸特有,職場,,招幹
大陸特有,職場,,明補
大陸特有,職場,,暗補
大陸特有,職場,,服務忌語
大陸特有,職場,,職務消費
大陸特有,職場,,算死賬
大陸特有,職場,,通氣會
大陸特有,職場,,陪會
大陸特有,職場,,坐班
大陸特有,職場,,引智
大陸特有,職場,,處子秀
大陸特有,職場,,在崗
大陸特有,職場,,在聘
大陸特有,職場,,扛長工
大陸特有,職場,,條條槓槓
大陸特有,職場,,條條框框
大陸特有,職場,,拔尖子
大陸特有,職場,,畫圈
大陸特有,職場,,做夾生飯
大陸特有,職場,,富餘人員
大陸特有,職場,,踏足
大陸特有,職場,,競聘
臺灣特有,網路新詞,很夯,
臺灣特有,網路新詞,按讚,
大陸特有,網路新詞,,互粉
大陸特有,網路新詞,,爪機
大陸特有,網路新詞,,牛人
大陸特有,網路新詞,,投訴網
大陸特有,網路新詞,,拍磚
大陸特有,網路新詞,,很二
大陸特有,網路新詞,,炫客
大陸特有,網路新詞,,曬客
大陸特有,網路新詞,,菊花教
大陸特有,網路新詞,,毀三觀
大陸特有,網路新詞,,跟帖
大陸特有,網路新詞,,雷人
大陸特有,網路新詞,,雷倒
大陸特有,網路新詞,,躺槍
大陸特有,網路新詞,,熱帖
大陸特有,網路新詞,,給力
大陸特有,網路新詞,,鑽石男
大陸特有,網路新詞,,拉黑
大陸特有,網路新詞,,貼子
同實異名,其他,人肉盾牌,人肉盾牌/人體盾牌
同實異名,其他,心理準備,心理準備/思想準備
同實異名,其他,出頭,出頭/冒頭/冒尖
同實異名,其他,即溶,速溶
同實異名,其他,告捷,告捷/告勝
同實異名,其他,定時,定時/定點
同實異名,其他,招數/著數/招式,招數/着數
同實異名,其他,直立式,立式
同實異名,其他,花式,花樣
同實異名,其他,品質,品質/質量
同實異名,其他,哈拉,海吹
同實異名,其他,哈啾,阿嚏
同實異名,其他,穿幫,穿幫/穿崩/穿繃/穿煲
同實異名,其他,倒數,倒讀數
同實異名,其他,倒數計時,倒計時 
同實異名,其他,拿喬/拿翹,拿喬
同實異名,其他,留海/劉海/瀏海,留海/劉海 /劉海兒 
同實異名,其他,退役/除役,退役
同實異名,其他,脫帽,免冠
同實異名,其他,雪人,雪人/雪羅漢
同實異名,其他,換腦袋,換腦瓜子
同實異名,其他,普普,普普/波普
同實異名,其他,硬實力,硬實力/硬力量
同實異名,其他,硬體,硬件
同實異名,其他,跌破眼鏡,跌破眼鏡/跌眼鏡
同實異名,其他,準點,準點/正點
同實異名,其他,資訊,信息 
同實異名,其他,零增長/零成長,零增長 
同實異名,其他,網路,網絡 
同實異名,其他,震撼彈,重磅炸彈
同實異名,其他,導火線,導火線/導火索/導爆索
同實異名,其他,機制,機制/機理
同實異名,其他,燙髮,燙髮/燙頭
同實異名,其他,離題,離題/走題/跑題
同實異名,其他,攝影,攝像
同名異實,其他,正點,正點
同名異實,其他,油品,油品
同名異實,其他,空檔,空檔
同名異實,其他,很感冒,很感冒
同名異實,其他,晨練,晨練
同名異實,其他,梯次,梯次
同名異實,其他,脫線,脫線
同名異實,其他,感冒,感冒
同名異實,其他,落忍,落忍
同名異實,其他,零突破,零突破
同名異實,其他,摸頭,摸頭
同名異實,其他,滿點,滿點
同名異實,其他,窩心,窩心
同名異實,其他,鐵齒,鐵齒
臺灣特有,其他,一把罩,
臺灣特有,其他,三不五時,
臺灣特有,其他,三振,
臺灣特有,其他,上空,
臺灣特有,其他,上壘,
臺灣特有,其他,口袋名單,
臺灣特有,其他,大尾,
臺灣特有,其他,大車拼,
臺灣特有,其他,大會串,
臺灣特有,其他,五四三,
臺灣特有,其他,歹命,
臺灣特有,其他,歹勢,
臺灣特有,其他,水噹噹,
臺灣特有,其他,牛步化,
臺灣特有,其他,代誌,
臺灣特有,其他,凸槌,
臺灣特有,其他,出包,
臺灣特有,其他,包粽,
臺灣特有,其他,古早,
臺灣特有,其他,幼齒,
臺灣特有,其他,打高空,
臺灣特有,其他,打啵,
臺灣特有,其他,打槍,
臺灣特有,其他,正港,
臺灣特有,其他,白目,
臺灣特有,其他,交流道,
臺灣特有,其他,仿襲,
臺灣特有,其他,吃排頭,
臺灣特有,其他,好加在,
臺灣特有,其他,好康,
臺灣特有,其他,有料,
臺灣特有,其他,死翹翹,
臺灣特有,其他,兵變,
臺灣特有,其他,冷感,
臺灣特有,其他,呆水位,
臺灣特有,其他,形塑,
臺灣特有,其他,抓包,
臺灣特有,其他,更齡,
臺灣特有,其他,沒路用/無路用,
臺灣特有,其他,走透透,
臺灣特有,其他,兩光,
臺灣特有,其他,阿莎力,
臺灣特有,其他,阿達,
臺灣特有,其他,保留地,
臺灣特有,其他,垮臉,
臺灣特有,其他,歪哥,
臺灣特有,其他,洽詢,
臺灣特有,其他,研議,
臺灣特有,其他,借過,
臺灣特有,其他,臭蓋,
臺灣特有,其他,鬥陣,
臺灣特有,其他,假仙,
臺灣特有,其他,偷跑,
臺灣特有,其他,唬爛,
臺灣特有,其他,情資,
臺灣特有,其他,掉漆/落漆,
臺灣特有,其他,脫序,
臺灣特有,其他,麻吉,
臺灣特有,其他,剩餘價值,
臺灣特有,其他,喇舌,
臺灣特有,其他,喝茫,
臺灣特有,其他,惡質,
臺灣特有,其他,換軌,
臺灣特有,其他,揪甘心,
臺灣特有,其他,揪團,
臺灣特有,其他,普普,
臺灣特有,其他,硬拗,
臺灣特有,其他,硬喬,
臺灣特有,其他,硬頸,
臺灣特有,其他,陽春型,
臺灣特有,其他,愛現,
臺灣特有,其他,裝笑尾,
臺灣特有,其他,跟監,
臺灣特有,其他,撇步,
臺灣特有,其他,稱頭,
臺灣特有,其他,認分,
臺灣特有,其他,踹共,
臺灣特有,其他,龜毛,
臺灣特有,其他,營隊,
臺灣特有,其他,擺道,
臺灣特有,其他,續攤,
臺灣特有,其他,顧人怨,
臺灣特有,其他,變造,
臺灣特有,其他,鬱卒,
大陸特有,其他,,一風吹
大陸特有,其他,,一鍋煮
大陸特有,其他,,二五眼
大陸特有,其他,,三緘口
大陸特有,其他,,三觀不正
大陸特有,其他,,下坡溜
大陸特有,其他,,下軟蛋
大陸特有,其他,,小鍋菜
大陸特有,其他,,山侃海聊/神侃海聊
大陸特有,其他,,馬大哈
大陸特有,其他,,不大離
大陸特有,其他,,內飾
大陸特有,其他,,分成
大陸特有,其他,,開小竈
大陸特有,其他,,開門紅
大陸特有,其他,,開涮
大陸特有,其他,,開紅燈
大陸特有,其他,,開綠燈
大陸特有,其他,,手潮
大陸特有,其他,,毛寸
大陸特有,其他,,火上房
大陸特有,其他,,加砝碼
大陸特有,其他,,包袱底兒
大陸特有,其他,,四化/四個現代化
大陸特有,其他,,奶聲奶氣
大陸特有,其他,,打小九九
大陸特有,其他,,打頭炮
大陸特有,其他,,打棍子
大陸特有,其他,,打橫炮
大陸特有,其他,,犯口舌
大陸特有,其他,,甩重磅炸彈
大陸特有,其他,,白壽
大陸特有,其他,,交紅運
大陸特有,其他,,動換
大陸特有,其他,,吃小竈/吃偏飯
大陸特有,其他,,吃偏食
大陸特有,其他,,吃透
大陸特有,其他,,回頭率
大陸特有,其他,,老鼻子
大陸特有,其他,,冷招
大陸特有,其他,,吹耳邊風
大陸特有,其他,,坐蠟
大陸特有,其他,,坑爹
大陸特有,其他,,局氣/局器
大陸特有,其他,,扮亮/扮靚
大陸特有,其他,,扯閒篇
大陸特有,其他,,抓手
大陸特有,其他,,攻關
大陸特有,其他,,過電影
大陸特有,其他,,過硬/過得硬
大陸特有,其他,,侃大山
大陸特有,其他,,到點
大陸特有,其他,,奔頭兒
大陸特有,其他,,拉網式
大陸特有,其他,,拍腦袋/拍腦門兒
大陸特有,其他,,放利
大陸特有,其他,,放空炮
大陸特有,其他,,放衛星
大陸特有,其他,,明面
大陸特有,其他,,昏話
大陸特有,其他,,治軟
大陸特有,其他,,花功
大陸特有,其他,,信息點
大陸特有,其他,,冒傻氣
大陸特有,其他,,前臺
大陸特有,其他,,挖潛
大陸特有,其他,,看點
大陸特有,其他,,背頭
大陸特有,其他,,背牀板
大陸特有,其他,,範兒
大陸特有,其他,,面老
大陸特有,其他,,倒竈
大陸特有,其他,,倒煙
大陸特有,其他,,埋汰
大陸特有,其他,,峯位
大陸特有,其他,,拿大頭
大陸特有,其他,,浪谷
大陸特有,其他,,浪峯
大陸特有,其他,,海聊
大陸特有,其他,,神侃
大陸特有,其他,,稱錢/趁錢
大陸特有,其他,,趕點
大陸特有,其他,,退坡
大陸特有,其他,,高標號
大陸特有,其他,,兜風
大陸特有,其他,,兜底
大陸特有,其他,,堵窟窿
大陸特有,其他,,添堵
大陸特有,其他,,焗油
大陸特有,其他,,眼風
大陸特有,其他,,插一腿
大陸特有,其他,,插空
大陸特有,其他,,揭畫皮
大陸特有,其他,,短期行爲
大陸特有,其他,,裝相
大陸特有,其他,,裝熊
大陸特有,其他,,催谷
大陸特有,其他,,搞掂
大陸特有,其他,,搭便
大陸特有,其他,,擺份兒
大陸特有,其他,,解疙瘩
大陸特有,其他,,零水平
大陸特有,其他,,嘎嘣脆
大陸特有,其他,,撒胡椒麪
大陸特有,其他,,潛網
大陸特有,其他,,翻身仗
大陸特有,其他,,翻漿
大陸特有,其他,,撈稻草
大陸特有,其他,,顯擺
大陸特有,其他,,碼放
大陸特有,其他,,紐結點
大陸特有,其他,,組合拳
大陸特有,其他,,認死理
大陸特有,其他,,誤區
大陸特有,其他,,軟目標
大陸特有,其他,,鑽口袋
大陸特有,其他,,閒侃
大陸特有,其他,,鬧心
大陸特有,其他,,頂槓
大陸特有,其他,,短項
大陸特有,其他,,破局
大陸特有,其他,,作臉
大陸特有,其他,,不動窩
大陸特有,其他,,假大空
大陸特有,其他,,冬瓜豆腐
大陸特有,其他,,地量
大陸特有,其他,,打不住
大陸特有,其他,,昏招
大陸特有,其他,,暈菜
大陸特有,其他,,欠奉
大陸特有,其他,,歇菜
大陸特有,其他,,疵毛
大陸特有,其他,,砸磚
大陸特有,其他,,破事
大陸特有,其他,,置氣
大陸特有,其他,,認衰
大陸特有,其他,,走形式
大陸特有,其他,,掐架
大陸特有,其他,,做工作
大陸特有,其他,,山海經
大陸特有,其他,,梯度
大陸特有,其他,,特牛
大陸特有,其他,,榆木疙瘩
大陸特有,其他,,一次性
大陸特有,其他,,二乎
大陸特有,其他,,大熱倒竈
大陸特有,其他,,大窩脖
大陸特有,其他,,守攤子
大陸特有,其他,,聽小彙報
大陸特有,其他,,定級
大陸特有,其他,,放瞎炮
大陸特有,其他,,炒小鍋菜
大陸特有,其他,,趴窩
大陸特有,其他,,哭鼻子
大陸特有,其他,,鐵板釘釘
大陸特有,其他,,湊手
大陸特有,其他,,聊山海經
大陸特有,其他,,說山海經
大陸特有,其他,,硬道理
大陸特有,其他,,腰桿粗
大陸特有,其他,,解眼饞
大陸特有,其他,,摸底細
大陸特有,其他,,摸脈絡
大陸特有,其他,,創優
大陸特有,其他,,擠牙縫
大陸特有,其他,,滿擰
大陸特有,其他,,牽牛鼻子
大陸特有,其他,,碼垛
大陸特有,其他,,紅紅火火
大陸特有,其他,,縮微
大陸特有,其他,,譜新篇
大陸特有,其他,,頂破天
大陸特有,其他,,順坡溜
大陸特有,其他,,飯口
臺灣特有,網路新詞,麥方,
臺灣特有,小吃＆點心,麥方,
